Time,Open,High,Low,Close,Volume
2025.12.12 00:05:00,1.37606,1.37729,1.37606,1.37676,19
2025.12.12 00:06:00,1.37674,1.37735,1.37674,1.37729,13
2025.12.12 00:07:00,1.37726,1.37729,1.37725,1.37729,5
2025.12.12 00:08:00,1.37716,1.37727,1.37716,1.37727,3
2025.12.12 00:09:00,1.3772,1.3772,1.37664,1.37671,19
2025.12.12 00:10:00,1.37671,1.3768099999999999,1.37671,1.3768099999999999,2
2025.12.12 00:11:00,1.37684,1.37686,1.37684,1.37686,4
2025.12.12 00:12:00,1.37687,1.3768799999999999,1.37684,1.37684,3
2025.12.12 00:13:00,1.37684,1.37732,1.37684,1.37729,14
2025.12.12 00:14:00,1.37729,1.37735,1.37729,1.37733,11
2025.12.12 00:15:00,1.37732,1.37732,1.3768099999999999,1.3768099999999999,13
2025.12.12 00:16:00,1.3768,1.3768099999999999,1.37662,1.37662,7
2025.12.12 00:17:00,1.37662,1.37706,1.37662,1.3768799999999999,13
2025.12.12 00:18:00,1.37689,1.37691,1.37689,1.37691,2
2025.12.12 00:19:00,1.37691,1.37691,1.37691,1.37691,1
2025.12.12 00:20:00,1.37691,1.37691,1.37686,1.37686,2
2025.12.12 00:21:00,1.37686,1.37686,1.37686,1.37686,1
2025.12.12 00:22:00,1.37686,1.37686,1.37686,1.37686,1
2025.12.12 00:23:00,1.37686,1.37686,1.37659,1.37659,4
2025.12.12 00:24:00,1.3768500000000001,1.37691,1.3768500000000001,1.3769,4
2025.12.12 00:25:00,1.3769,1.37691,1.3769,1.37691,2
2025.12.12 00:26:00,1.37691,1.37698,1.37691,1.37698,7
2025.12.12 00:27:00,1.37698,1.3771,1.37659,1.37696,17
2025.12.12 00:28:00,1.37687,1.37694,1.3768500000000001,1.3768799999999999,5
2025.12.12 00:29:00,1.3768799999999999,1.37696,1.3768799999999999,1.37696,4
2025.12.12 00:30:00,1.37696,1.37698,1.3768799999999999,1.37696,7
2025.12.12 00:31:00,1.37702,1.37709,1.37697,1.37707,11
2025.12.12 00:32:00,1.37709,1.37709,1.37704,1.37709,6
2025.12.12 00:33:00,1.37709,1.37714,1.37702,1.37714,8
2025.12.12 00:34:00,1.37714,1.3771900000000001,1.37693,1.37705,21
2025.12.12 00:35:00,1.37705,1.3771,1.37692,1.37693,12
2025.12.12 00:36:00,1.37692,1.37693,1.37692,1.37693,6
2025.12.12 00:37:00,1.37692,1.3771900000000001,1.37692,1.3771900000000001,11
2025.12.12 00:38:00,1.3772,1.37729,1.37714,1.37728,10
2025.12.12 00:39:00,1.37729,1.37733,1.3771900000000001,1.3772199999999999,52
2025.12.12 00:40:00,1.37721,1.37736,1.3772,1.37734,31
2025.12.12 00:41:00,1.37735,1.37737,1.37731,1.37735,15
2025.12.12 00:42:00,1.37736,1.37736,1.37735,1.37735,2
2025.12.12 00:43:00,1.37735,1.37737,1.37733,1.37737,13
2025.12.12 00:44:00,1.37736,1.37736,1.37729,1.37733,13
2025.12.12 00:45:00,1.37736,1.37736,1.37704,1.37728,20
2025.12.12 00:46:00,1.37729,1.37732,1.37728,1.37728,8
2025.12.12 00:47:00,1.3773,1.37732,1.37707,1.37732,8
2025.12.12 00:48:00,1.37732,1.37734,1.37727,1.37734,9
2025.12.12 00:49:00,1.37733,1.37733,1.37707,1.37728,21
2025.12.12 00:50:00,1.37729,1.37734,1.37728,1.37728,38
2025.12.12 00:51:00,1.37731,1.37756,1.37724,1.37732,49
2025.12.12 00:52:00,1.37734,1.3774199999999999,1.37729,1.37729,33
2025.12.12 00:53:00,1.3773,1.3774,1.3773,1.37733,19
2025.12.12 00:54:00,1.37736,1.37736,1.37728,1.37736,21
2025.12.12 00:55:00,1.3773,1.37736,1.37728,1.37732,19
2025.12.12 00:56:00,1.37732,1.37735,1.3773,1.37732,9
2025.12.12 00:57:00,1.37734,1.37743,1.37687,1.37717,34
2025.12.12 00:58:00,1.37717,1.37727,1.37717,1.37721,37
2025.12.12 00:59:00,1.3772,1.37724,1.37716,1.37716,25
2025.12.12 01:00:00,1.37716,1.37741,1.37641,1.37741,42
2025.12.12 01:01:00,1.37736,1.37736,1.3771900000000001,1.3771900000000001,5
2025.12.12 01:02:00,1.3771900000000001,1.3771900000000001,1.3771900000000001,1.3771900000000001,1
2025.12.12 01:03:00,1.3771900000000001,1.3771900000000001,1.3771900000000001,1.3771900000000001,1
2025.12.12 01:04:00,1.3771900000000001,1.3772,1.3771900000000001,1.3772,4
2025.12.12 01:05:00,1.3772,1.3772,1.3771,1.3771,6
2025.12.12 01:06:00,1.37711,1.3772,1.3771,1.3772,4
2025.12.12 01:07:00,1.3772,1.3772,1.37711,1.3772,7
2025.12.12 01:08:00,1.3772,1.37721,1.3771900000000001,1.3772,8
2025.12.12 01:09:00,1.37721,1.37721,1.37717,1.3772,5
2025.12.12 01:10:00,1.37718,1.37721,1.37711,1.37711,7
2025.12.12 01:11:00,1.37711,1.37711,1.37711,1.37711,1
2025.12.12 01:12:00,1.37718,1.3772,1.37711,1.37711,5
2025.12.12 01:13:00,1.3771200000000001,1.37721,1.3771200000000001,1.3772,7
2025.12.12 01:14:00,1.37728,1.37738,1.3771900000000001,1.3771900000000001,12
2025.12.12 01:15:00,1.3771900000000001,1.37726,1.37718,1.3772,6
2025.12.12 01:16:00,1.3772,1.3772,1.37716,1.3771900000000001,21
2025.12.12 01:17:00,1.3771900000000001,1.37721,1.37717,1.3772,8
2025.12.12 01:18:00,1.37721,1.3772199999999999,1.37718,1.3772,8
2025.12.12 01:19:00,1.3772,1.3772,1.37717,1.3772,3
2025.12.12 01:20:00,1.3772,1.37721,1.3772,1.3772,3
2025.12.12 01:21:00,1.3772,1.3772,1.3772,1.3772,1
2025.12.12 01:22:00,1.3772,1.37721,1.37717,1.37718,8
2025.12.12 01:23:00,1.37718,1.3772,1.37718,1.3772,5
2025.12.12 01:24:00,1.3772,1.3773900000000001,1.3772,1.37738,19
2025.12.12 01:25:00,1.37738,1.37743,1.37738,1.3773900000000001,6
2025.12.12 01:26:00,1.3773900000000001,1.3773900000000001,1.37736,1.37738,7
2025.12.12 01:27:00,1.37738,1.37741,1.37738,1.3773900000000001,4
2025.12.12 01:28:00,1.3773900000000001,1.3773900000000001,1.37738,1.3773900000000001,3
2025.12.12 01:29:00,1.3773900000000001,1.3773900000000001,1.37738,1.3773900000000001,3
2025.12.12 01:30:00,1.3773900000000001,1.3773900000000001,1.37735,1.3773900000000001,4
2025.12.12 01:31:00,1.3773900000000001,1.3773900000000001,1.3773900000000001,1.3773900000000001,1
2025.12.12 01:32:00,1.3773900000000001,1.3774,1.3773900000000001,1.3773900000000001,3
2025.12.12 01:33:00,1.3773900000000001,1.3773900000000001,1.37736,1.3773900000000001,8
2025.12.12 01:34:00,1.3773900000000001,1.37745,1.3773900000000001,1.37745,5
2025.12.12 01:35:00,1.37745,1.37748,1.37744,1.37748,9
2025.12.12 01:36:00,1.37748,1.37757,1.37748,1.37753,14
2025.12.12 01:37:00,1.37753,1.37753,1.37744,1.37748,9
2025.12.12 01:38:00,1.37748,1.37748,1.37747,1.37748,5
2025.12.12 01:39:00,1.37748,1.3775,1.37748,1.3774899999999999,6
2025.12.12 01:40:00,1.3774899999999999,1.37758,1.37748,1.37758,7
2025.12.12 01:41:00,1.37758,1.37758,1.37757,1.37758,5
2025.12.12 01:42:00,1.37757,1.37757,1.3774899999999999,1.3774899999999999,2
2025.12.12 01:43:00,1.3774899999999999,1.3774899999999999,1.37748,1.37748,2
2025.12.12 01:44:00,1.37748,1.37748,1.37748,1.37748,1
2025.12.12 01:45:00,1.37748,1.3774899999999999,1.37748,1.3774899999999999,4
2025.12.12 01:46:00,1.37748,1.3774899999999999,1.37748,1.37748,5
2025.12.12 01:47:00,1.37748,1.3774899999999999,1.37738,1.3774899999999999,7
2025.12.12 01:48:00,1.3774899999999999,1.3774899999999999,1.37745,1.37748,6
2025.12.12 01:49:00,1.37748,1.3774899999999999,1.37745,1.37748,6
2025.12.12 01:50:00,1.37748,1.37748,1.37748,1.37748,1
2025.12.12 01:51:00,1.37747,1.3775,1.37747,1.3775,3
2025.12.12 01:52:00,1.37748,1.37748,1.37748,1.37748,1
2025.12.12 01:53:00,1.3774899999999999,1.3774899999999999,1.37748,1.3774899999999999,3
2025.12.12 01:54:00,1.3774899999999999,1.3774899999999999,1.37745,1.37745,3
2025.12.12 01:55:00,1.37748,1.37748,1.37748,1.37748,1
2025.12.12 01:56:00,1.37748,1.3774899999999999,1.37748,1.37748,3
2025.12.12 01:57:00,1.37748,1.37761,1.3774600000000001,1.37758,15
2025.12.12 01:58:00,1.37759,1.37763,1.3774899999999999,1.37752,22
2025.12.12 01:59:00,1.37753,1.37762,1.3774600000000001,1.37752,23
2025.12.12 02:00:00,1.37753,1.37753,1.37721,1.37723,25
2025.12.12 02:01:00,1.3772199999999999,1.37744,1.3772199999999999,1.37733,27
2025.12.12 02:02:00,1.37734,1.3774199999999999,1.37726,1.37741,40
2025.12.12 02:03:00,1.37741,1.37741,1.37728,1.37728,20
2025.12.12 02:04:00,1.37729,1.37732,1.37728,1.37731,9
2025.12.12 02:05:00,1.37731,1.37731,1.37721,1.37723,20
2025.12.12 02:06:00,1.37723,1.37723,1.3771499999999999,1.37716,27
2025.12.12 02:07:00,1.37716,1.3772199999999999,1.37713,1.37721,6
2025.12.12 02:08:00,1.37721,1.37731,1.3771900000000001,1.37731,11
2025.12.12 02:09:00,1.3773,1.3773,1.3772199999999999,1.37729,19
2025.12.12 02:10:00,1.37729,1.3773,1.37727,1.37727,13
2025.12.12 02:11:00,1.37727,1.37729,1.37723,1.37725,18
2025.12.12 02:12:00,1.37725,1.37725,1.3771900000000001,1.37724,28
2025.12.12 02:13:00,1.37724,1.37727,1.37721,1.37724,22
2025.12.12 02:14:00,1.37724,1.37724,1.37721,1.37724,20
2025.12.12 02:15:00,1.37724,1.3773,1.37723,1.37729,17
2025.12.12 02:16:00,1.37729,1.37731,1.37729,1.3773,22
2025.12.12 02:17:00,1.37731,1.37732,1.37723,1.37723,10
2025.12.12 02:18:00,1.37723,1.3773,1.37721,1.3773,15
2025.12.12 02:19:00,1.3773,1.3773,1.3772199999999999,1.3772199999999999,6
2025.12.12 02:20:00,1.37725,1.37725,1.37718,1.37718,17
2025.12.12 02:21:00,1.37718,1.3771900000000001,1.3771499999999999,1.37717,21
2025.12.12 02:22:00,1.37718,1.3771900000000001,1.37711,1.3771200000000001,20
2025.12.12 02:23:00,1.3771200000000001,1.37716,1.3771,1.3771200000000001,29
2025.12.12 02:24:00,1.3771200000000001,1.37714,1.37708,1.37711,15
2025.12.12 02:25:00,1.37711,1.37713,1.37711,1.37711,14
2025.12.12 02:26:00,1.37713,1.37714,1.37711,1.37711,18
2025.12.12 02:27:00,1.37714,1.3771900000000001,1.3771200000000001,1.3771900000000001,10
2025.12.12 02:28:00,1.3772,1.3772,1.37711,1.37711,5
2025.12.12 02:29:00,1.37711,1.37713,1.3771,1.37711,6
2025.12.12 02:30:00,1.37713,1.3772,1.37711,1.37713,46
2025.12.12 02:31:00,1.37713,1.3771499999999999,1.3771200000000001,1.3771200000000001,14
2025.12.12 02:32:00,1.3771200000000001,1.37724,1.3771200000000001,1.37713,19
2025.12.12 02:33:00,1.37714,1.3771499999999999,1.37701,1.37704,46
2025.12.12 02:34:00,1.37704,1.37704,1.377,1.37702,22
2025.12.12 02:35:00,1.37703,1.37704,1.37692,1.37697,38
2025.12.12 02:36:00,1.37697,1.37701,1.37696,1.37699,56
2025.12.12 02:37:00,1.37699,1.377,1.37696,1.37698,27
2025.12.12 02:38:00,1.37698,1.37711,1.37698,1.37708,38
2025.12.12 02:39:00,1.37707,1.3771,1.37705,1.3771,28
2025.12.12 02:40:00,1.37709,1.3771200000000001,1.37702,1.37704,49
2025.12.12 02:41:00,1.37703,1.37709,1.37701,1.37707,20
2025.12.12 02:42:00,1.37707,1.37707,1.37704,1.37704,10
2025.12.12 02:43:00,1.37704,1.37704,1.37703,1.37704,3
2025.12.12 02:44:00,1.37704,1.37706,1.37703,1.37704,8
2025.12.12 02:45:00,1.37704,1.37705,1.377,1.377,12
2025.12.12 02:46:00,1.377,1.37701,1.37692,1.37692,31
2025.12.12 02:47:00,1.37692,1.37695,1.37684,1.37684,40
2025.12.12 02:48:00,1.3768500000000001,1.37696,1.37683,1.37695,35
2025.12.12 02:49:00,1.37695,1.37696,1.37694,1.37695,7
2025.12.12 02:50:00,1.37695,1.37699,1.37686,1.37686,21
2025.12.12 02:51:00,1.37686,1.37709,1.37686,1.37706,43
2025.12.12 02:52:00,1.37705,1.3771200000000001,1.37704,1.3771200000000001,51
2025.12.12 02:53:00,1.37711,1.37716,1.37711,1.37714,20
2025.12.12 02:54:00,1.37714,1.37717,1.3771200000000001,1.37714,30
2025.12.12 02:55:00,1.37713,1.37718,1.37706,1.37713,66
2025.12.12 02:56:00,1.37713,1.3771499999999999,1.37706,1.37707,60
2025.12.12 02:57:00,1.37708,1.37711,1.37706,1.37707,45
2025.12.12 02:58:00,1.37711,1.37727,1.37706,1.37724,25
2025.12.12 02:59:00,1.37725,1.37727,1.3771900000000001,1.3771900000000001,34
2025.12.12 03:00:00,1.3772,1.3772,1.37705,1.3771200000000001,46
2025.12.12 03:01:00,1.3771200000000001,1.37713,1.37705,1.37711,22
2025.12.12 03:02:00,1.37711,1.3771900000000001,1.37705,1.3771499999999999,24
2025.12.12 03:03:00,1.37714,1.3771499999999999,1.37713,1.3771499999999999,17
2025.12.12 03:04:00,1.3771499999999999,1.37727,1.3771499999999999,1.37723,28
2025.12.12 03:05:00,1.37723,1.37727,1.37716,1.3772,27
2025.12.12 03:06:00,1.3772,1.37723,1.37717,1.37723,19
2025.12.12 03:07:00,1.37723,1.37732,1.37723,1.37732,14
2025.12.12 03:08:00,1.37732,1.37733,1.37726,1.37726,10
2025.12.12 03:09:00,1.3771900000000001,1.3771900000000001,1.37713,1.37714,14
2025.12.12 03:10:00,1.37714,1.37714,1.377,1.37702,14
2025.12.12 03:11:00,1.37701,1.37714,1.37701,1.37709,27
2025.12.12 03:12:00,1.37709,1.3771200000000001,1.37705,1.37708,23
2025.12.12 03:13:00,1.37708,1.37708,1.37703,1.37707,19
2025.12.12 03:14:00,1.37706,1.3771,1.37706,1.37709,8
2025.12.12 03:15:00,1.37708,1.37708,1.37689,1.37689,27
2025.12.12 03:16:00,1.3768799999999999,1.3768799999999999,1.37676,1.3767800000000001,22
2025.12.12 03:17:00,1.3767800000000001,1.37687,1.3767800000000001,1.3768500000000001,16
2025.12.12 03:18:00,1.3768500000000001,1.37693,1.3768500000000001,1.37692,18
2025.12.12 03:19:00,1.37691,1.37697,1.37684,1.37687,17
2025.12.12 03:20:00,1.37686,1.37687,1.37673,1.37682,37
2025.12.12 03:21:00,1.37682,1.3768500000000001,1.37682,1.3768500000000001,13
2025.12.12 03:22:00,1.37684,1.37684,1.37679,1.37683,22
2025.12.12 03:23:00,1.37683,1.37683,1.37672,1.37674,23
2025.12.12 03:24:00,1.37673,1.3767800000000001,1.37672,1.37674,24
2025.12.12 03:25:00,1.37674,1.37677,1.37667,1.37668,17
2025.12.12 03:26:00,1.37668,1.37672,1.37668,1.37668,11
2025.12.12 03:27:00,1.37668,1.3767800000000001,1.37667,1.37677,17
2025.12.12 03:28:00,1.37677,1.3767800000000001,1.37673,1.37675,24
2025.12.12 03:29:00,1.37675,1.37675,1.3767,1.37675,26
2025.12.12 03:30:00,1.37675,1.37676,1.37666,1.37666,116
2025.12.12 03:31:00,1.37669,1.37682,1.37665,1.37677,55
2025.12.12 03:32:00,1.37677,1.37679,1.37675,1.37679,15
2025.12.12 03:33:00,1.37679,1.3768799999999999,1.3767800000000001,1.37686,10
2025.12.12 03:34:00,1.37687,1.37694,1.37687,1.37692,12
2025.12.12 03:35:00,1.37692,1.37694,1.37689,1.37689,13
2025.12.12 03:36:00,1.3768799999999999,1.37704,1.3768799999999999,1.37703,25
2025.12.12 03:37:00,1.37703,1.37704,1.37699,1.37703,26
2025.12.12 03:38:00,1.37703,1.3772,1.37703,1.3771900000000001,31
2025.12.12 03:39:00,1.3771900000000001,1.37723,1.37718,1.3772,29
2025.12.12 03:40:00,1.3772,1.3772199999999999,1.3771200000000001,1.37718,20
2025.12.12 03:41:00,1.37718,1.3772,1.37708,1.37708,22
2025.12.12 03:42:00,1.3771,1.3771,1.37706,1.37706,17
2025.12.12 03:43:00,1.37706,1.37717,1.37706,1.37716,15
2025.12.12 03:44:00,1.37717,1.3772199999999999,1.3771499999999999,1.37721,22
2025.12.12 03:45:00,1.3772199999999999,1.3772199999999999,1.37714,1.37714,14
2025.12.12 03:46:00,1.37709,1.37716,1.37708,1.3771499999999999,14
2025.12.12 03:47:00,1.37714,1.37724,1.37714,1.37724,17
2025.12.12 03:48:00,1.3772,1.37726,1.37717,1.37726,14
2025.12.12 03:49:00,1.37726,1.37733,1.37724,1.37724,32
2025.12.12 03:50:00,1.37725,1.37728,1.37723,1.37725,12
2025.12.12 03:51:00,1.37725,1.37725,1.3772,1.37725,14
2025.12.12 03:52:00,1.37725,1.37725,1.37721,1.37725,12
2025.12.12 03:53:00,1.37724,1.37732,1.37724,1.37727,30
2025.12.12 03:54:00,1.37727,1.37734,1.37726,1.37733,14
2025.12.12 03:55:00,1.37738,1.3773900000000001,1.37733,1.37737,31
2025.12.12 03:56:00,1.37736,1.37736,1.37727,1.37727,14
2025.12.12 03:57:00,1.37726,1.37728,1.37723,1.37727,18
2025.12.12 03:58:00,1.37727,1.37728,1.3772199999999999,1.37728,27
2025.12.12 03:59:00,1.37727,1.37728,1.37725,1.37727,18
2025.12.12 04:00:00,1.37727,1.37732,1.3772199999999999,1.37732,21
2025.12.12 04:01:00,1.37731,1.37732,1.37723,1.37732,22
2025.12.12 04:02:00,1.37732,1.37743,1.37732,1.3774199999999999,19
2025.12.12 04:03:00,1.3774199999999999,1.37753,1.37741,1.3775,36
2025.12.12 04:04:00,1.3775,1.37753,1.37744,1.37745,33
2025.12.12 04:05:00,1.37745,1.37747,1.3773900000000001,1.3774,21
2025.12.12 04:06:00,1.3774,1.3774,1.37737,1.37737,6
2025.12.12 04:07:00,1.37737,1.3774199999999999,1.37737,1.37738,31
2025.12.12 04:08:00,1.37738,1.37743,1.37737,1.37738,18
2025.12.12 04:09:00,1.3773900000000001,1.3773900000000001,1.37727,1.37729,32
2025.12.12 04:10:00,1.37727,1.37727,1.3772,1.37721,17
2025.12.12 04:11:00,1.37721,1.37721,1.37705,1.3771200000000001,23
2025.12.12 04:12:00,1.3771200000000001,1.3771499999999999,1.37706,1.3771200000000001,28
2025.12.12 04:13:00,1.3771200000000001,1.3771499999999999,1.37711,1.37714,12
2025.12.12 04:14:00,1.37714,1.37716,1.37711,1.3771200000000001,14
2025.12.12 04:15:00,1.37713,1.37716,1.3771,1.37716,11
2025.12.12 04:16:00,1.37717,1.37733,1.37717,1.37732,17
2025.12.12 04:17:00,1.37733,1.37733,1.37725,1.37725,11
2025.12.12 04:18:00,1.37724,1.37725,1.37721,1.37723,14
2025.12.12 04:19:00,1.37723,1.37732,1.3772199999999999,1.37732,9
2025.12.12 04:20:00,1.37727,1.37733,1.37724,1.37724,16
2025.12.12 04:21:00,1.37725,1.37735,1.37725,1.37735,12
2025.12.12 04:22:00,1.37734,1.37734,1.37731,1.37732,21
2025.12.12 04:23:00,1.37732,1.37733,1.37727,1.37729,31
2025.12.12 04:24:00,1.3773,1.37732,1.37727,1.37732,27
2025.12.12 04:25:00,1.37731,1.37731,1.3772199999999999,1.37723,13
2025.12.12 04:26:00,1.37723,1.37724,1.3772199999999999,1.37724,6
2025.12.12 04:27:00,1.37724,1.37724,1.3772,1.3772,9
2025.12.12 04:28:00,1.3772,1.37724,1.3772,1.3772199999999999,15
2025.12.12 04:29:00,1.3772199999999999,1.37724,1.3771900000000001,1.3772199999999999,10
2025.12.12 04:30:00,1.37723,1.37724,1.3772199999999999,1.37723,18
2025.12.12 04:31:00,1.37723,1.37732,1.37723,1.37731,10
2025.12.12 04:32:00,1.37731,1.37732,1.37728,1.37731,8
2025.12.12 04:33:00,1.37729,1.37732,1.37728,1.37732,11
2025.12.12 04:34:00,1.37732,1.37737,1.37731,1.37734,12
2025.12.12 04:35:00,1.37734,1.37734,1.37727,1.37732,15
2025.12.12 04:36:00,1.37731,1.37731,1.37727,1.37729,17
2025.12.12 04:37:00,1.37728,1.3773,1.37716,1.37716,11
2025.12.12 04:38:00,1.37717,1.37717,1.37708,1.3771,11
2025.12.12 04:39:00,1.3771,1.3771,1.37708,1.37709,16
2025.12.12 04:40:00,1.37709,1.37714,1.37703,1.37714,13
2025.12.12 04:41:00,1.37714,1.37714,1.3771200000000001,1.37713,8
2025.12.12 04:42:00,1.37713,1.37714,1.37711,1.37713,11
2025.12.12 04:43:00,1.37713,1.3771499999999999,1.3771200000000001,1.3771499999999999,5
2025.12.12 04:44:00,1.3771499999999999,1.3771499999999999,1.3771,1.37711,9
2025.12.12 04:45:00,1.37711,1.3772199999999999,1.37711,1.3772199999999999,14
2025.12.12 04:46:00,1.3772,1.37725,1.3771900000000001,1.37724,12
2025.12.12 04:47:00,1.37729,1.3773,1.37728,1.3773,10
2025.12.12 04:48:00,1.3773,1.37734,1.3773,1.37733,8
2025.12.12 04:49:00,1.37732,1.37734,1.37732,1.37732,7
2025.12.12 04:50:00,1.37727,1.37732,1.37723,1.37729,13
2025.12.12 04:51:00,1.37728,1.3773,1.37728,1.37728,21
2025.12.12 04:52:00,1.37725,1.3773,1.37724,1.37724,11
2025.12.12 04:53:00,1.37725,1.37728,1.3772199999999999,1.37723,20
2025.12.12 04:54:00,1.37723,1.37732,1.37723,1.3773,12
2025.12.12 04:55:00,1.3773,1.37733,1.37729,1.37732,20
2025.12.12 04:56:00,1.37732,1.37734,1.37732,1.37732,6
2025.12.12 04:57:00,1.37732,1.3774,1.37732,1.3774,7
2025.12.12 04:58:00,1.3774,1.37743,1.3773900000000001,1.3773900000000001,30
2025.12.12 04:59:00,1.3774,1.3774199999999999,1.37738,1.3773900000000001,17
2025.12.12 05:00:00,1.3774,1.37744,1.3773900000000001,1.37744,4
2025.12.12 05:01:00,1.37744,1.37744,1.3774,1.3774199999999999,18
2025.12.12 05:02:00,1.3774199999999999,1.37743,1.37741,1.37741,4
2025.12.12 05:03:00,1.37737,1.37737,1.37729,1.3773,19
2025.12.12 05:04:00,1.3773,1.37736,1.3773,1.37736,5
2025.12.12 05:05:00,1.37736,1.37736,1.37732,1.37732,6
2025.12.12 05:06:00,1.37732,1.37732,1.37726,1.37727,7
2025.12.12 05:07:00,1.37727,1.37728,1.37724,1.37728,13
2025.12.12 05:08:00,1.37727,1.37734,1.37727,1.37734,12
2025.12.12 05:09:00,1.37734,1.37734,1.37731,1.37734,21
2025.12.12 05:10:00,1.37733,1.37734,1.37732,1.37734,6
2025.12.12 05:11:00,1.37733,1.3773900000000001,1.37733,1.37737,15
2025.12.12 05:12:00,1.37737,1.37744,1.37733,1.37733,11
2025.12.12 05:13:00,1.37733,1.37733,1.37726,1.37726,6
2025.12.12 05:14:00,1.37727,1.37727,1.37723,1.37723,5
2025.12.12 05:15:00,1.37723,1.37723,1.37716,1.37721,13
2025.12.12 05:16:00,1.37721,1.37724,1.37721,1.37724,9
2025.12.12 05:17:00,1.37724,1.37724,1.37723,1.37724,5
2025.12.12 05:18:00,1.37724,1.37732,1.37724,1.37731,17
2025.12.12 05:19:00,1.37731,1.37733,1.3773,1.37733,5
2025.12.12 05:20:00,1.37733,1.37733,1.37733,1.37733,1
2025.12.12 05:21:00,1.37733,1.37737,1.37733,1.37736,6
2025.12.12 05:22:00,1.37736,1.37738,1.37735,1.37735,7
2025.12.12 05:23:00,1.37735,1.37735,1.37727,1.37728,20
2025.12.12 05:24:00,1.37728,1.37734,1.37724,1.37725,10
2025.12.12 05:25:00,1.37723,1.37723,1.37717,1.37717,7
2025.12.12 05:26:00,1.37717,1.3772,1.37714,1.37714,11
2025.12.12 05:27:00,1.37714,1.37721,1.37714,1.37721,4
2025.12.12 05:28:00,1.3772199999999999,1.37728,1.3772,1.37727,17
2025.12.12 05:29:00,1.37724,1.37728,1.37724,1.37727,14
2025.12.12 05:30:00,1.37726,1.37732,1.37726,1.37728,13
2025.12.12 05:31:00,1.37728,1.37729,1.37723,1.37727,9
2025.12.12 05:32:00,1.37727,1.3773,1.37727,1.37729,8
2025.12.12 05:33:00,1.37729,1.37733,1.37729,1.37732,5
2025.12.12 05:34:00,1.37732,1.37734,1.37732,1.37732,4
2025.12.12 05:35:00,1.3773,1.37732,1.37729,1.37729,7
2025.12.12 05:36:00,1.37729,1.37733,1.37729,1.37733,5
2025.12.12 05:37:00,1.37733,1.37735,1.37732,1.37734,6
2025.12.12 05:38:00,1.37734,1.37737,1.37727,1.37727,10
2025.12.12 05:39:00,1.37727,1.37727,1.37727,1.37727,1
2025.12.12 05:40:00,1.3773,1.37736,1.37729,1.37734,8
2025.12.12 05:41:00,1.37734,1.37734,1.37734,1.37734,1
2025.12.12 05:42:00,1.37733,1.37734,1.37733,1.37733,5
2025.12.12 05:43:00,1.37735,1.37737,1.37733,1.37737,14
2025.12.12 05:44:00,1.37737,1.37738,1.37737,1.37738,4
2025.12.12 05:45:00,1.37737,1.37738,1.37737,1.37737,7
2025.12.12 05:46:00,1.37737,1.3773900000000001,1.37737,1.37737,9
2025.12.12 05:47:00,1.37737,1.3774600000000001,1.37737,1.37745,8
2025.12.12 05:48:00,1.37745,1.3774600000000001,1.37745,1.37745,3
2025.12.12 05:49:00,1.37745,1.3774600000000001,1.37738,1.37738,13
2025.12.12 05:50:00,1.37738,1.37738,1.37733,1.37735,8
2025.12.12 05:51:00,1.37735,1.3773900000000001,1.37735,1.3773900000000001,5
2025.12.12 05:52:00,1.3773900000000001,1.3773900000000001,1.37738,1.3773900000000001,5
2025.12.12 05:53:00,1.37737,1.37741,1.37735,1.3774,6
2025.12.12 05:54:00,1.3774,1.3774600000000001,1.3774,1.3774600000000001,6
2025.12.12 05:55:00,1.3774600000000001,1.3774600000000001,1.37745,1.37745,2
2025.12.12 05:56:00,1.37745,1.37752,1.37745,1.37751,25
2025.12.12 05:57:00,1.37751,1.37751,1.37744,1.37745,17
2025.12.12 05:58:00,1.3774600000000001,1.3774899999999999,1.37745,1.37745,13
2025.12.12 05:59:00,1.3774600000000001,1.37748,1.37745,1.3774600000000001,6
2025.12.12 06:00:00,1.3774600000000001,1.3774600000000001,1.37745,1.37745,4
2025.12.12 06:01:00,1.3774600000000001,1.37751,1.37745,1.37748,18
2025.12.12 06:02:00,1.3774899999999999,1.37755,1.37748,1.37752,25
2025.12.12 06:03:00,1.37752,1.3776,1.37752,1.37759,8
2025.12.12 06:04:00,1.37759,1.37765,1.37759,1.37765,11
2025.12.12 06:05:00,1.37765,1.37766,1.37764,1.37765,9
2025.12.12 06:06:00,1.37765,1.37765,1.37761,1.37762,12
2025.12.12 06:07:00,1.37762,1.37763,1.37762,1.37763,4
2025.12.12 06:08:00,1.37763,1.37763,1.37763,1.37763,1
2025.12.12 06:09:00,1.37763,1.37765,1.37763,1.37764,3
2025.12.12 06:10:00,1.37765,1.37769,1.37764,1.37769,5
2025.12.12 06:11:00,1.37769,1.37772,1.37769,1.3777,7
2025.12.12 06:12:00,1.3777300000000001,1.37778,1.37772,1.37774,19
2025.12.12 06:13:00,1.37774,1.37777,1.3777300000000001,1.37774,10
2025.12.12 06:14:00,1.37774,1.37778,1.37772,1.37778,5
2025.12.12 06:15:00,1.37779,1.37779,1.37779,1.37779,1
2025.12.12 06:16:00,1.37779,1.37782,1.37775,1.37775,12
2025.12.12 06:17:00,1.37775,1.37779,1.37774,1.37779,6
2025.12.12 06:18:00,1.37779,1.3778000000000001,1.37779,1.3778000000000001,8
2025.12.12 06:19:00,1.3778000000000001,1.3778000000000001,1.37778,1.3778000000000001,4
2025.12.12 06:20:00,1.3778000000000001,1.3778000000000001,1.37771,1.37771,9
2025.12.12 06:21:00,1.37771,1.37771,1.37769,1.3777,4
2025.12.12 06:22:00,1.3777,1.3777,1.37768,1.37768,7
2025.12.12 06:23:00,1.3777,1.3777,1.37768,1.37768,8
2025.12.12 06:24:00,1.37768,1.37768,1.37764,1.37766,15
2025.12.12 06:25:00,1.37766,1.37766,1.3776,1.3776,6
2025.12.12 06:26:00,1.3776,1.37761,1.37757,1.37757,12
2025.12.12 06:27:00,1.37757,1.37758,1.37756,1.37757,9
2025.12.12 06:28:00,1.37757,1.37759,1.37756,1.37757,13
2025.12.12 06:29:00,1.37757,1.37758,1.37756,1.37757,7
2025.12.12 06:30:00,1.37757,1.37761,1.37757,1.37761,14
2025.12.12 06:31:00,1.37763,1.37765,1.37759,1.37765,17
2025.12.12 06:32:00,1.37768,1.37771,1.37765,1.37768,12
2025.12.12 06:33:00,1.37768,1.37768,1.37764,1.37765,8
2025.12.12 06:34:00,1.37764,1.37764,1.37763,1.37764,5
2025.12.12 06:35:00,1.37764,1.37768,1.37758,1.37767,16
2025.12.12 06:36:00,1.37767,1.37768,1.37766,1.37766,12
2025.12.12 06:37:00,1.37766,1.37767,1.37766,1.37766,5
2025.12.12 06:38:00,1.37766,1.37766,1.37762,1.37764,11
2025.12.12 06:39:00,1.37764,1.37765,1.37762,1.37765,13
2025.12.12 06:40:00,1.37765,1.37766,1.37765,1.37765,5
2025.12.12 06:41:00,1.37765,1.37768,1.37765,1.37767,4
2025.12.12 06:42:00,1.37767,1.37775,1.37767,1.37774,8
2025.12.12 06:43:00,1.37774,1.37774,1.37772,1.3777300000000001,9
2025.12.12 06:44:00,1.3777300000000001,1.3777300000000001,1.3777,1.3777300000000001,5
2025.12.12 06:45:00,1.37771,1.37771,1.37769,1.37769,5
2025.12.12 06:46:00,1.3777,1.3777300000000001,1.3777,1.3777300000000001,6
2025.12.12 06:47:00,1.37772,1.37774,1.37769,1.37769,12
2025.12.12 06:48:00,1.3777,1.3777300000000001,1.3777,1.37772,4
2025.12.12 06:49:00,1.37772,1.37772,1.37769,1.37769,5
2025.12.12 06:50:00,1.37769,1.3777,1.37763,1.37764,7
2025.12.12 06:51:00,1.37765,1.37765,1.37764,1.37764,4
2025.12.12 06:52:00,1.37764,1.37766,1.37764,1.37766,7
2025.12.12 06:53:00,1.37766,1.37766,1.37759,1.37761,10
2025.12.12 06:54:00,1.37761,1.37761,1.37751,1.37759,14
2025.12.12 06:55:00,1.37759,1.37759,1.37754,1.37755,23
2025.12.12 06:56:00,1.37755,1.37759,1.37754,1.37757,11
2025.12.12 06:57:00,1.3776,1.37762,1.37754,1.37754,15
2025.12.12 06:58:00,1.37757,1.37761,1.37755,1.37759,25
2025.12.12 06:59:00,1.3776,1.37762,1.37756,1.37759,20
2025.12.12 07:00:00,1.37759,1.37761,1.37753,1.37754,13
2025.12.12 07:01:00,1.37754,1.37756,1.3775,1.3775,19
2025.12.12 07:02:00,1.3775,1.37753,1.3774899999999999,1.3775,10
2025.12.12 07:03:00,1.3775,1.37751,1.37748,1.3775,21
2025.12.12 07:04:00,1.3775,1.3775,1.3774899999999999,1.3775,3
2025.12.12 07:05:00,1.3775,1.37751,1.3774899999999999,1.37751,5
2025.12.12 07:06:00,1.37751,1.37751,1.3774899999999999,1.37751,4
2025.12.12 07:07:00,1.37751,1.37751,1.3774899999999999,1.3775,3
2025.12.12 07:08:00,1.3774899999999999,1.37751,1.3774,1.37743,15
2025.12.12 07:09:00,1.37744,1.37744,1.3774199999999999,1.37743,10
2025.12.12 07:10:00,1.37743,1.37743,1.37741,1.37743,40
2025.12.12 07:11:00,1.37743,1.37743,1.3774199999999999,1.3774199999999999,22
2025.12.12 07:12:00,1.3773900000000001,1.37743,1.3773900000000001,1.37743,4
2025.12.12 07:13:00,1.3774199999999999,1.3774199999999999,1.37731,1.37732,18
2025.12.12 07:14:00,1.37731,1.37732,1.3773,1.37732,4
2025.12.12 07:15:00,1.37732,1.37733,1.3773,1.3773,6
2025.12.12 07:16:00,1.3773,1.37736,1.37729,1.37735,8
2025.12.12 07:17:00,1.37734,1.37734,1.37732,1.37734,3
2025.12.12 07:18:00,1.37734,1.37735,1.37729,1.3773,11
2025.12.12 07:19:00,1.3773,1.37735,1.3773,1.37735,4
2025.12.12 07:20:00,1.37735,1.37735,1.37734,1.37734,2
2025.12.12 07:21:00,1.37734,1.37734,1.37734,1.37734,1
2025.12.12 07:22:00,1.37735,1.3774,1.37735,1.3773900000000001,12
2025.12.12 07:23:00,1.37741,1.37744,1.3773900000000001,1.37743,8
2025.12.12 07:24:00,1.37741,1.37741,1.3773900000000001,1.3773900000000001,3
2025.12.12 07:25:00,1.3774,1.3774199999999999,1.3773900000000001,1.3774,5
2025.12.12 07:26:00,1.3774,1.3774,1.37733,1.37734,5
2025.12.12 07:27:00,1.37734,1.37734,1.37732,1.37733,7
2025.12.12 07:28:00,1.37735,1.37737,1.37734,1.37734,6
2025.12.12 07:29:00,1.37735,1.37735,1.37734,1.37734,8
2025.12.12 07:30:00,1.37734,1.37734,1.37728,1.37729,8
2025.12.12 07:31:00,1.37729,1.37729,1.37724,1.37725,7
2025.12.12 07:32:00,1.37725,1.37727,1.37721,1.37721,6
2025.12.12 07:33:00,1.37721,1.37721,1.37716,1.37718,10
2025.12.12 07:34:00,1.37718,1.37718,1.37716,1.37716,3
2025.12.12 07:35:00,1.37716,1.37717,1.3771200000000001,1.3771499999999999,15
2025.12.12 07:36:00,1.3771499999999999,1.3772,1.37711,1.3772,9
2025.12.12 07:37:00,1.3772,1.3772199999999999,1.3772,1.37721,9
2025.12.12 07:38:00,1.3772199999999999,1.37724,1.3772199999999999,1.37723,15
2025.12.12 07:39:00,1.3772199999999999,1.3772199999999999,1.37713,1.3771499999999999,8
2025.12.12 07:40:00,1.3771499999999999,1.3771499999999999,1.3771200000000001,1.3771499999999999,7
2025.12.12 07:41:00,1.3771499999999999,1.3771499999999999,1.3771200000000001,1.3771499999999999,11
2025.12.12 07:42:00,1.3771499999999999,1.37716,1.3771200000000001,1.3771200000000001,8
2025.12.12 07:43:00,1.3771200000000001,1.3771499999999999,1.3771200000000001,1.37714,4
2025.12.12 07:44:00,1.37714,1.37716,1.37713,1.37714,7
2025.12.12 07:45:00,1.37714,1.37725,1.37714,1.37724,27
2025.12.12 07:46:00,1.37727,1.37731,1.37726,1.37729,15
2025.12.12 07:47:00,1.37729,1.37734,1.37729,1.3773,10
2025.12.12 07:48:00,1.3773,1.3773,1.37728,1.37728,8
2025.12.12 07:49:00,1.37729,1.3773,1.37727,1.37727,14
2025.12.12 07:50:00,1.37727,1.37727,1.37723,1.37723,11
2025.12.12 07:51:00,1.37723,1.37723,1.3771900000000001,1.3772,5
2025.12.12 07:52:00,1.3772,1.37725,1.3772,1.37721,9
2025.12.12 07:53:00,1.3772,1.3772199999999999,1.3772,1.3772199999999999,21
2025.12.12 07:54:00,1.37721,1.37725,1.37721,1.37724,9
2025.12.12 07:55:00,1.37723,1.37723,1.3771499999999999,1.3771499999999999,8
2025.12.12 07:56:00,1.3771499999999999,1.37716,1.3771,1.37713,13
2025.12.12 07:57:00,1.37713,1.37714,1.37711,1.3771200000000001,8
2025.12.12 07:58:00,1.3771200000000001,1.37716,1.3771,1.37713,36
2025.12.12 07:59:00,1.37713,1.37718,1.37713,1.37716,22
2025.12.12 08:00:00,1.37716,1.37716,1.37705,1.37709,22
2025.12.12 08:01:00,1.37709,1.3771,1.37707,1.37708,15
2025.12.12 08:02:00,1.37708,1.3771200000000001,1.37708,1.37708,16
2025.12.12 08:03:00,1.37709,1.37714,1.37709,1.37714,8
2025.12.12 08:04:00,1.37714,1.3771499999999999,1.37713,1.3771499999999999,6
2025.12.12 08:05:00,1.3771499999999999,1.3771900000000001,1.3771200000000001,1.37713,16
2025.12.12 08:06:00,1.3771200000000001,1.37713,1.37703,1.37703,11
2025.12.12 08:07:00,1.37705,1.37705,1.37702,1.37702,16
2025.12.12 08:08:00,1.37702,1.37703,1.37699,1.37699,7
2025.12.12 08:09:00,1.37699,1.37705,1.37697,1.37697,18
2025.12.12 08:10:00,1.377,1.377,1.37695,1.37697,16
2025.12.12 08:11:00,1.37697,1.37698,1.37694,1.37698,12
2025.12.12 08:12:00,1.37697,1.37697,1.3768500000000001,1.37687,15
2025.12.12 08:13:00,1.37687,1.3768799999999999,1.37687,1.3768799999999999,4
2025.12.12 08:14:00,1.3768799999999999,1.3768799999999999,1.37687,1.37687,6
2025.12.12 08:15:00,1.37687,1.3768799999999999,1.37687,1.37687,3
2025.12.12 08:16:00,1.37687,1.3768799999999999,1.37687,1.37687,7
2025.12.12 08:17:00,1.3768799999999999,1.37698,1.37687,1.3769,9
2025.12.12 08:18:00,1.3769,1.37692,1.3769,1.37692,5
2025.12.12 08:19:00,1.37692,1.37695,1.37691,1.37693,11
2025.12.12 08:20:00,1.37693,1.37697,1.37693,1.37697,11
2025.12.12 08:21:00,1.37697,1.37704,1.37697,1.37702,14
2025.12.12 08:22:00,1.37702,1.37705,1.37702,1.37705,9
2025.12.12 08:23:00,1.37705,1.37706,1.37702,1.37705,9
2025.12.12 08:24:00,1.37705,1.37706,1.37704,1.37705,7
2025.12.12 08:25:00,1.37705,1.37705,1.37701,1.37703,8
2025.12.12 08:26:00,1.37703,1.3771200000000001,1.37703,1.37707,9
2025.12.12 08:27:00,1.37706,1.37707,1.37703,1.37704,6
2025.12.12 08:28:00,1.37704,1.37705,1.37701,1.37703,15
2025.12.12 08:29:00,1.37697,1.37697,1.37693,1.37697,16
2025.12.12 08:30:00,1.37697,1.37697,1.37696,1.37696,2
2025.12.12 08:31:00,1.37696,1.37704,1.37693,1.37695,14
2025.12.12 08:32:00,1.37694,1.37697,1.37693,1.37696,5
2025.12.12 08:33:00,1.37698,1.37705,1.37697,1.37705,7
2025.12.12 08:34:00,1.37705,1.37708,1.37704,1.37707,12
2025.12.12 08:35:00,1.37707,1.37707,1.37705,1.37706,11
2025.12.12 08:36:00,1.37706,1.37708,1.37705,1.37708,7
2025.12.12 08:37:00,1.37708,1.37713,1.37708,1.3771,8
2025.12.12 08:38:00,1.37709,1.37724,1.37709,1.37724,19
2025.12.12 08:39:00,1.37724,1.37727,1.3772199999999999,1.37727,16
2025.12.12 08:40:00,1.37727,1.37745,1.37727,1.37736,21
2025.12.12 08:41:00,1.37736,1.37738,1.37733,1.37733,22
2025.12.12 08:42:00,1.37734,1.37734,1.37724,1.37726,20
2025.12.12 08:43:00,1.37726,1.37729,1.37724,1.37727,20
2025.12.12 08:44:00,1.37727,1.37729,1.37727,1.37727,8
2025.12.12 08:45:00,1.37728,1.37731,1.37726,1.37728,29
2025.12.12 08:46:00,1.37729,1.37732,1.37726,1.37726,17
2025.12.12 08:47:00,1.37726,1.37726,1.37724,1.37725,8
2025.12.12 08:48:00,1.37725,1.37733,1.37725,1.37733,15
2025.12.12 08:49:00,1.37733,1.37733,1.3773,1.37733,6
2025.12.12 08:50:00,1.37733,1.37734,1.37723,1.37723,7
2025.12.12 08:51:00,1.37723,1.37726,1.37721,1.37721,11
2025.12.12 08:52:00,1.37721,1.37721,1.37717,1.37718,12
2025.12.12 08:53:00,1.37718,1.37718,1.37713,1.37713,7
2025.12.12 08:54:00,1.37713,1.37716,1.3771200000000001,1.3771200000000001,15
2025.12.12 08:55:00,1.37713,1.37718,1.3771200000000001,1.37717,14
2025.12.12 08:56:00,1.37717,1.37718,1.37716,1.37716,14
2025.12.12 08:57:00,1.37716,1.3772199999999999,1.37716,1.3772199999999999,10
2025.12.12 08:58:00,1.3772199999999999,1.3772199999999999,1.37717,1.37717,8
2025.12.12 08:59:00,1.37717,1.37717,1.37713,1.37714,12
2025.12.12 09:00:00,1.3771499999999999,1.37726,1.3771499999999999,1.3772199999999999,25
2025.12.12 09:01:00,1.3772199999999999,1.37731,1.3772199999999999,1.3773,12
2025.12.12 09:02:00,1.3773,1.3774199999999999,1.3773,1.3773900000000001,16
2025.12.12 09:03:00,1.37738,1.3773900000000001,1.37727,1.37727,23
2025.12.12 09:04:00,1.37725,1.37726,1.3772199999999999,1.37724,21
2025.12.12 09:05:00,1.37724,1.37724,1.3771499999999999,1.37721,27
2025.12.12 09:06:00,1.37721,1.37725,1.3771200000000001,1.37714,33
2025.12.12 09:07:00,1.37714,1.37714,1.37704,1.37707,22
2025.12.12 09:08:00,1.37704,1.37708,1.37704,1.37706,12
2025.12.12 09:09:00,1.37706,1.37707,1.37699,1.37702,21
2025.12.12 09:10:00,1.37703,1.37704,1.37697,1.37701,27
2025.12.12 09:11:00,1.37701,1.37701,1.37694,1.37696,24
2025.12.12 09:12:00,1.37697,1.37702,1.37697,1.37698,26
2025.12.12 09:13:00,1.37699,1.37708,1.37697,1.37706,16
2025.12.12 09:14:00,1.37706,1.37707,1.37701,1.37704,27
2025.12.12 09:15:00,1.37704,1.37711,1.37699,1.37706,31
2025.12.12 09:16:00,1.37706,1.37723,1.37706,1.37723,15
2025.12.12 09:17:00,1.37724,1.3773,1.37721,1.37727,24
2025.12.12 09:18:00,1.37727,1.37735,1.37725,1.37727,17
2025.12.12 09:19:00,1.37727,1.37735,1.37725,1.37734,11
2025.12.12 09:20:00,1.37734,1.37736,1.37727,1.37727,22
2025.12.12 09:21:00,1.37727,1.37732,1.37723,1.3773,18
2025.12.12 09:22:00,1.3773,1.37737,1.37727,1.37733,18
2025.12.12 09:23:00,1.37733,1.37736,1.3773,1.37734,22
2025.12.12 09:24:00,1.37735,1.37745,1.37734,1.37737,19
2025.12.12 09:25:00,1.37737,1.3774199999999999,1.37734,1.37736,17
2025.12.12 09:26:00,1.3774,1.3774,1.37732,1.37732,24
2025.12.12 09:27:00,1.37732,1.37732,1.37721,1.37723,14
2025.12.12 09:28:00,1.37723,1.37727,1.3772199999999999,1.37723,9
2025.12.12 09:29:00,1.37723,1.37723,1.3771,1.3771499999999999,21
2025.12.12 09:30:00,1.37716,1.37716,1.37706,1.37708,18
2025.12.12 09:31:00,1.37708,1.37708,1.3769,1.37691,26
2025.12.12 09:32:00,1.37691,1.37691,1.37673,1.37674,42
2025.12.12 09:33:00,1.37674,1.3768500000000001,1.37673,1.37679,25
2025.12.12 09:34:00,1.3767800000000001,1.37679,1.37672,1.3767800000000001,20
2025.12.12 09:35:00,1.3767800000000001,1.37679,1.37664,1.37672,25
2025.12.12 09:36:00,1.37672,1.3768,1.37669,1.3768,21
2025.12.12 09:37:00,1.37679,1.37686,1.37672,1.37672,24
2025.12.12 09:38:00,1.37672,1.3768099999999999,1.37671,1.37677,18
2025.12.12 09:39:00,1.37676,1.37683,1.37676,1.37676,15
2025.12.12 09:40:00,1.37677,1.3768,1.37669,1.37669,25
2025.12.12 09:41:00,1.37669,1.37673,1.37669,1.37673,6
2025.12.12 09:42:00,1.37673,1.37674,1.37669,1.37669,8
2025.12.12 09:43:00,1.37669,1.37669,1.3765800000000001,1.37663,28
2025.12.12 09:44:00,1.37663,1.3767,1.37663,1.37663,26
2025.12.12 09:45:00,1.37663,1.37673,1.37663,1.37672,28
2025.12.12 09:46:00,1.37672,1.37672,1.37653,1.3765399999999999,25
2025.12.12 09:47:00,1.3765399999999999,1.37662,1.37653,1.3765800000000001,20
2025.12.12 09:48:00,1.3765800000000001,1.37664,1.3765800000000001,1.3765800000000001,16
2025.12.12 09:49:00,1.3765800000000001,1.3765800000000001,1.37653,1.3765399999999999,25
2025.12.12 09:50:00,1.3765399999999999,1.37657,1.3765100000000001,1.37656,15
2025.12.12 09:51:00,1.37657,1.37659,1.37649,1.37657,16
2025.12.12 09:52:00,1.37661,1.37662,1.37645,1.37648,18
2025.12.12 09:53:00,1.37649,1.3765399999999999,1.37647,1.3765399999999999,11
2025.12.12 09:54:00,1.3765399999999999,1.3765399999999999,1.37639,1.37647,25
2025.12.12 09:55:00,1.37646,1.37649,1.37644,1.37644,17
2025.12.12 09:56:00,1.37644,1.3765399999999999,1.37644,1.3765399999999999,17
2025.12.12 09:57:00,1.37653,1.3765399999999999,1.37649,1.37649,13
2025.12.12 09:58:00,1.37649,1.3765,1.37645,1.37649,38
2025.12.12 09:59:00,1.37649,1.3765,1.37644,1.37649,24
2025.12.12 10:00:00,1.37649,1.37662,1.37648,1.37657,60
2025.12.12 10:01:00,1.3765800000000001,1.37659,1.37639,1.3764,32
2025.12.12 10:02:00,1.37639,1.37645,1.37637,1.3764,37
2025.12.12 10:03:00,1.3764,1.3764,1.37619,1.37623,43
2025.12.12 10:04:00,1.3762400000000001,1.37631,1.37622,1.37622,45
2025.12.12 10:05:00,1.37622,1.3763,1.37622,1.37629,36
2025.12.12 10:06:00,1.3763,1.3763,1.37622,1.37623,12
2025.12.12 10:07:00,1.37623,1.37623,1.37603,1.37604,22
2025.12.12 10:08:00,1.37603,1.37604,1.37595,1.37595,18
2025.12.12 10:09:00,1.37595,1.37596,1.3759299999999999,1.37595,29
2025.12.12 10:10:00,1.37594,1.37596,1.3759299999999999,1.37595,36
2025.12.12 10:11:00,1.37594,1.37602,1.37589,1.37602,35
2025.12.12 10:12:00,1.37603,1.37606,1.37592,1.3759299999999999,33
2025.12.12 10:13:00,1.37595,1.3759700000000001,1.37592,1.37595,21
2025.12.12 10:14:00,1.37595,1.3761,1.37595,1.37605,47
2025.12.12 10:15:00,1.37604,1.37608,1.37602,1.37606,20
2025.12.12 10:16:00,1.37605,1.37605,1.376,1.376,29
2025.12.12 10:17:00,1.376,1.37604,1.37599,1.37603,14
2025.12.12 10:18:00,1.37603,1.37609,1.37595,1.37609,20
2025.12.12 10:19:00,1.37608,1.3761,1.37599,1.37609,24
2025.12.12 10:20:00,1.37609,1.3761,1.37594,1.37594,32
2025.12.12 10:21:00,1.37594,1.37602,1.37594,1.3759700000000001,28
2025.12.12 10:22:00,1.3759700000000001,1.37602,1.37596,1.37598,20
2025.12.12 10:23:00,1.37599,1.37603,1.37587,1.37587,16
2025.12.12 10:24:00,1.37586,1.37591,1.37586,1.37586,20
2025.12.12 10:25:00,1.37586,1.3759299999999999,1.37585,1.37592,26
2025.12.12 10:26:00,1.37591,1.37592,1.37587,1.37588,24
2025.12.12 10:27:00,1.37587,1.37587,1.37574,1.37575,29
2025.12.12 10:28:00,1.37575,1.3758,1.37571,1.37574,35
2025.12.12 10:29:00,1.37572,1.37578,1.37572,1.37577,18
2025.12.12 10:30:00,1.37577,1.37585,1.37574,1.37585,33
2025.12.12 10:31:00,1.37585,1.37585,1.37578,1.37584,34
2025.12.12 10:32:00,1.37586,1.37586,1.37581,1.37582,20
2025.12.12 10:33:00,1.37582,1.37582,1.37576,1.37577,14
2025.12.12 10:34:00,1.37577,1.37577,1.37572,1.37576,33
2025.12.12 10:35:00,1.37576,1.37576,1.37565,1.37575,22
2025.12.12 10:36:00,1.37575,1.37577,1.37574,1.37576,24
2025.12.12 10:37:00,1.37577,1.37585,1.37567,1.37567,30
2025.12.12 10:38:00,1.37567,1.37583,1.37567,1.37582,24
2025.12.12 10:39:00,1.37582,1.37588,1.37579,1.37587,26
2025.12.12 10:40:00,1.37588,1.37588,1.37575,1.37577,19
2025.12.12 10:41:00,1.37576,1.37577,1.37575,1.37576,14
2025.12.12 10:42:00,1.37577,1.37577,1.37558,1.37558,14
2025.12.12 10:43:00,1.3756,1.37564,1.37555,1.37564,33
2025.12.12 10:44:00,1.37564,1.37576,1.3756,1.37565,34
2025.12.12 10:45:00,1.37564,1.37568,1.3756300000000001,1.37564,19
2025.12.12 10:46:00,1.3756300000000001,1.37565,1.37558,1.3756300000000001,31
2025.12.12 10:47:00,1.37564,1.37567,1.37562,1.37565,25
2025.12.12 10:48:00,1.37564,1.3756599999999999,1.3756,1.3756,22
2025.12.12 10:49:00,1.37561,1.37561,1.37546,1.37553,22
2025.12.12 10:50:00,1.37549,1.3755899999999999,1.37547,1.37551,31
2025.12.12 10:51:00,1.37551,1.37551,1.37545,1.37549,29
2025.12.12 10:52:00,1.37548,1.37549,1.37545,1.37546,21
2025.12.12 10:53:00,1.37547,1.37548,1.37545,1.37547,17
2025.12.12 10:54:00,1.37547,1.37554,1.37547,1.37554,13
2025.12.12 10:55:00,1.37554,1.37562,1.37552,1.37562,26
2025.12.12 10:56:00,1.37562,1.37576,1.37562,1.37574,19
2025.12.12 10:57:00,1.37574,1.37579,1.37568,1.37572,32
2025.12.12 10:58:00,1.37572,1.37573,1.37567,1.37573,34
2025.12.12 10:59:00,1.37573,1.37589,1.37573,1.37588,55
2025.12.12 11:00:00,1.37589,1.37598,1.37585,1.3759299999999999,32
2025.12.12 11:01:00,1.37592,1.37598,1.37589,1.37594,33
2025.12.12 11:02:00,1.37594,1.37595,1.3758,1.3758,11
2025.12.12 11:03:00,1.3758,1.37584,1.37574,1.37576,15
2025.12.12 11:04:00,1.37577,1.37583,1.37577,1.37579,20
2025.12.12 11:05:00,1.37579,1.37586,1.37576,1.37581,23
2025.12.12 11:06:00,1.37581,1.37585,1.37579,1.3758,24
2025.12.12 11:07:00,1.3758,1.376,1.3758,1.37592,24
2025.12.12 11:08:00,1.3759299999999999,1.37607,1.37592,1.37603,37
2025.12.12 11:09:00,1.37603,1.37604,1.37594,1.3759700000000001,21
2025.12.12 11:10:00,1.37599,1.37602,1.3759700000000001,1.3759700000000001,24
2025.12.12 11:11:00,1.3759700000000001,1.3759700000000001,1.3759000000000001,1.37592,25
2025.12.12 11:12:00,1.37591,1.3759299999999999,1.37591,1.37592,10
2025.12.12 11:13:00,1.3759299999999999,1.37594,1.37583,1.37584,28
2025.12.12 11:14:00,1.37583,1.37583,1.37576,1.37579,18
2025.12.12 11:15:00,1.37579,1.37585,1.37579,1.37582,24
2025.12.12 11:16:00,1.37582,1.37598,1.37582,1.37592,25
2025.12.12 11:17:00,1.37596,1.376,1.37594,1.3759700000000001,30
2025.12.12 11:18:00,1.37598,1.37598,1.37585,1.37592,19
2025.12.12 11:19:00,1.37592,1.37592,1.37587,1.37589,18
2025.12.12 11:20:00,1.3759000000000001,1.3759000000000001,1.37583,1.37589,19
2025.12.12 11:21:00,1.37588,1.37589,1.37587,1.37589,6
2025.12.12 11:22:00,1.37589,1.37595,1.37587,1.3759299999999999,33
2025.12.12 11:23:00,1.3759299999999999,1.37602,1.37592,1.376,15
2025.12.12 11:24:00,1.376,1.376,1.37596,1.37599,16
2025.12.12 11:25:00,1.37599,1.37601,1.37598,1.37601,9
2025.12.12 11:26:00,1.37601,1.37611,1.37598,1.37599,28
2025.12.12 11:27:00,1.37599,1.37605,1.37599,1.37602,19
2025.12.12 11:28:00,1.37602,1.37621,1.37602,1.3761999999999999,17
2025.12.12 11:29:00,1.37619,1.37626,1.37618,1.37623,16
2025.12.12 11:30:00,1.37623,1.37638,1.37623,1.37635,22
2025.12.12 11:31:00,1.37635,1.37639,1.37634,1.37638,22
2025.12.12 11:32:00,1.37639,1.3764,1.37634,1.37634,17
2025.12.12 11:33:00,1.37635,1.37645,1.37634,1.37642,21
2025.12.12 11:34:00,1.37641,1.37645,1.37638,1.37645,7
2025.12.12 11:35:00,1.37644,1.37644,1.37638,1.37639,10
2025.12.12 11:36:00,1.37639,1.37639,1.3763,1.3763,16
2025.12.12 11:37:00,1.37629,1.37629,1.37622,1.37623,24
2025.12.12 11:38:00,1.37623,1.37623,1.3761,1.3761,18
2025.12.12 11:39:00,1.3761,1.37615,1.3761,1.37612,16
2025.12.12 11:40:00,1.37613,1.37623,1.3761,1.37623,18
2025.12.12 11:41:00,1.37622,1.37622,1.3761700000000001,1.3761700000000001,25
2025.12.12 11:42:00,1.3761700000000001,1.3762400000000001,1.37616,1.37619,21
2025.12.12 11:43:00,1.3761999999999999,1.3761999999999999,1.3761700000000001,1.37618,20
2025.12.12 11:44:00,1.3761999999999999,1.37637,1.37619,1.37633,27
2025.12.12 11:45:00,1.37632,1.37633,1.37629,1.3763,13
2025.12.12 11:46:00,1.3763,1.3764,1.3763,1.3764,17
2025.12.12 11:47:00,1.37639,1.37641,1.37632,1.37632,24
2025.12.12 11:48:00,1.37632,1.37636,1.37629,1.37635,19
2025.12.12 11:49:00,1.37635,1.37635,1.3761700000000001,1.3761700000000001,23
2025.12.12 11:50:00,1.37616,1.37616,1.37602,1.37606,23
2025.12.12 11:51:00,1.37606,1.37614,1.37603,1.37614,27
2025.12.12 11:52:00,1.37614,1.37618,1.37612,1.3761700000000001,10
2025.12.12 11:53:00,1.37619,1.37619,1.37612,1.3761700000000001,22
2025.12.12 11:54:00,1.3761700000000001,1.3761700000000001,1.37596,1.37596,21
2025.12.12 11:55:00,1.3759700000000001,1.3759700000000001,1.3759299999999999,1.37594,20
2025.12.12 11:56:00,1.37594,1.37604,1.3759299999999999,1.37602,23
2025.12.12 11:57:00,1.37602,1.37604,1.37601,1.37603,26
2025.12.12 11:58:00,1.37602,1.37603,1.37601,1.37601,12
2025.12.12 11:59:00,1.37601,1.37604,1.37601,1.37603,21
2025.12.12 12:00:00,1.37604,1.37608,1.37603,1.37604,16
2025.12.12 12:01:00,1.37602,1.37602,1.37584,1.37584,36
2025.12.12 12:02:00,1.37585,1.37588,1.37575,1.37582,24
2025.12.12 12:03:00,1.37582,1.37594,1.37582,1.37592,22
2025.12.12 12:04:00,1.37592,1.37592,1.37586,1.3759000000000001,17
2025.12.12 12:05:00,1.37592,1.37604,1.37592,1.37602,20
2025.12.12 12:06:00,1.37602,1.37611,1.37602,1.37602,28
2025.12.12 12:07:00,1.37603,1.37606,1.37596,1.3759700000000001,11
2025.12.12 12:08:00,1.37599,1.37609,1.37599,1.37606,15
2025.12.12 12:09:00,1.37605,1.37605,1.3759299999999999,1.37598,21
2025.12.12 12:10:00,1.3759700000000001,1.3759700000000001,1.37596,1.37596,6
2025.12.12 12:11:00,1.3759700000000001,1.3759700000000001,1.37586,1.3759000000000001,22
2025.12.12 12:12:00,1.37589,1.3759000000000001,1.37583,1.37584,16
2025.12.12 12:13:00,1.37585,1.37592,1.37584,1.37591,20
2025.12.12 12:14:00,1.37591,1.37592,1.37584,1.37586,25
2025.12.12 12:15:00,1.37585,1.37588,1.37584,1.37584,21
2025.12.12 12:16:00,1.37586,1.37591,1.37584,1.37591,18
2025.12.12 12:17:00,1.3759299999999999,1.37601,1.3759299999999999,1.376,24
2025.12.12 12:18:00,1.376,1.37608,1.376,1.37608,31
2025.12.12 12:19:00,1.37607,1.3761,1.376,1.37601,17
2025.12.12 12:20:00,1.37601,1.37605,1.376,1.37602,26
2025.12.12 12:21:00,1.37602,1.37604,1.37595,1.37601,27
2025.12.12 12:22:00,1.37601,1.37607,1.37599,1.37602,16
2025.12.12 12:23:00,1.37602,1.37603,1.37595,1.37603,30
2025.12.12 12:24:00,1.37603,1.37609,1.37602,1.37603,18
2025.12.12 12:25:00,1.37603,1.3762400000000001,1.37603,1.3762400000000001,22
2025.12.12 12:26:00,1.37621,1.37622,1.37612,1.37618,27
2025.12.12 12:27:00,1.37619,1.3762400000000001,1.37614,1.37623,27
2025.12.12 12:28:00,1.37623,1.3762699999999999,1.37622,1.3762699999999999,12
2025.12.12 12:29:00,1.37629,1.37629,1.37614,1.37614,31
2025.12.12 12:30:00,1.37614,1.37628,1.37614,1.3762400000000001,20
2025.12.12 12:31:00,1.3762400000000001,1.37628,1.37618,1.3761999999999999,25
2025.12.12 12:32:00,1.37619,1.37629,1.37619,1.37626,20
2025.12.12 12:33:00,1.37626,1.37626,1.3761700000000001,1.3761700000000001,17
2025.12.12 12:34:00,1.3761700000000001,1.3761700000000001,1.37603,1.37604,35
2025.12.12 12:35:00,1.37605,1.37611,1.37603,1.37611,23
2025.12.12 12:36:00,1.37611,1.37615,1.37608,1.37614,31
2025.12.12 12:37:00,1.37614,1.37618,1.37613,1.37615,28
2025.12.12 12:38:00,1.37614,1.37619,1.37612,1.37616,25
2025.12.12 12:39:00,1.37616,1.37619,1.37603,1.37604,27
2025.12.12 12:40:00,1.37605,1.37609,1.3759700000000001,1.3759700000000001,30
2025.12.12 12:41:00,1.3759700000000001,1.37602,1.3759700000000001,1.37601,10
2025.12.12 12:42:00,1.37602,1.37602,1.37596,1.37601,18
2025.12.12 12:43:00,1.376,1.37606,1.3759700000000001,1.37604,26
2025.12.12 12:44:00,1.37605,1.37607,1.37598,1.37601,23
2025.12.12 12:45:00,1.37601,1.37604,1.3759700000000001,1.37603,19
2025.12.12 12:46:00,1.37603,1.37604,1.37602,1.37604,9
2025.12.12 12:47:00,1.37604,1.37606,1.37602,1.37605,7
2025.12.12 12:48:00,1.37605,1.37609,1.37604,1.37608,14
2025.12.12 12:49:00,1.37608,1.37616,1.37607,1.37616,13
2025.12.12 12:50:00,1.37616,1.3761700000000001,1.37598,1.37598,22
2025.12.12 12:51:00,1.37598,1.37598,1.37587,1.37591,14
2025.12.12 12:52:00,1.3759000000000001,1.37594,1.37585,1.3759000000000001,15
2025.12.12 12:53:00,1.3759000000000001,1.3759000000000001,1.37585,1.37588,13
2025.12.12 12:54:00,1.3759000000000001,1.3759299999999999,1.37586,1.3759000000000001,27
2025.12.12 12:55:00,1.37591,1.37595,1.37589,1.3759299999999999,30
2025.12.12 12:56:00,1.3759299999999999,1.37599,1.37589,1.37589,24
2025.12.12 12:57:00,1.3759000000000001,1.3759000000000001,1.37574,1.37584,35
2025.12.12 12:58:00,1.37584,1.37587,1.3758,1.3758,29
2025.12.12 12:59:00,1.3758,1.37581,1.37577,1.37578,27
2025.12.12 13:00:00,1.37577,1.37586,1.37577,1.3758,15
2025.12.12 13:01:00,1.3758,1.37587,1.3758,1.37585,16
2025.12.12 13:02:00,1.37586,1.3759000000000001,1.37583,1.37585,35
2025.12.12 13:03:00,1.37584,1.37586,1.3758,1.37584,29
2025.12.12 13:04:00,1.37584,1.37587,1.37581,1.37582,17
2025.12.12 13:05:00,1.37581,1.37587,1.37581,1.37585,19
2025.12.12 13:06:00,1.37585,1.37595,1.37583,1.37595,20
2025.12.12 13:07:00,1.37594,1.37595,1.37587,1.3759299999999999,14
2025.12.12 13:08:00,1.3759299999999999,1.37595,1.37591,1.3759299999999999,13
2025.12.12 13:09:00,1.3759299999999999,1.37598,1.37583,1.37584,17
2025.12.12 13:10:00,1.37584,1.37586,1.37582,1.37582,17
2025.12.12 13:11:00,1.37583,1.37584,1.37581,1.37582,27
2025.12.12 13:12:00,1.37583,1.37585,1.37574,1.3758,19
2025.12.12 13:13:00,1.37579,1.3758,1.37576,1.37576,16
2025.12.12 13:14:00,1.37576,1.37576,1.37571,1.37573,22
2025.12.12 13:15:00,1.37572,1.37584,1.37572,1.37581,21
2025.12.12 13:16:00,1.37582,1.37585,1.37576,1.37579,29
2025.12.12 13:17:00,1.37579,1.3758,1.37578,1.37578,14
2025.12.12 13:18:00,1.37578,1.37584,1.37576,1.37583,18
2025.12.12 13:19:00,1.37583,1.37589,1.3758,1.37589,20
2025.12.12 13:20:00,1.3759000000000001,1.37599,1.3759000000000001,1.3759700000000001,24
2025.12.12 13:21:00,1.3759700000000001,1.37598,1.37588,1.37588,10
2025.12.12 13:22:00,1.37588,1.37595,1.37588,1.37595,14
2025.12.12 13:23:00,1.37595,1.3759700000000001,1.3759299999999999,1.37595,19
2025.12.12 13:24:00,1.37595,1.37607,1.37595,1.37605,29
2025.12.12 13:25:00,1.37605,1.37613,1.37605,1.3761,22
2025.12.12 13:26:00,1.37611,1.37616,1.37609,1.37615,19
2025.12.12 13:27:00,1.37615,1.37615,1.37607,1.37608,12
2025.12.12 13:28:00,1.37608,1.37615,1.37608,1.37614,22
2025.12.12 13:29:00,1.37612,1.37616,1.37608,1.37608,14
2025.12.12 13:30:00,1.37608,1.37609,1.37604,1.37608,14
2025.12.12 13:31:00,1.37604,1.37609,1.376,1.37609,13
2025.12.12 13:32:00,1.3761,1.37614,1.37599,1.37599,26
2025.12.12 13:33:00,1.376,1.37612,1.376,1.37612,20
2025.12.12 13:34:00,1.37611,1.37613,1.37611,1.37611,3
2025.12.12 13:35:00,1.37611,1.37612,1.37608,1.37612,11
2025.12.12 13:36:00,1.3761,1.37613,1.37609,1.3761,13
2025.12.12 13:37:00,1.37612,1.37612,1.37602,1.37605,9
2025.12.12 13:38:00,1.37604,1.37605,1.37603,1.37603,12
2025.12.12 13:39:00,1.37602,1.37607,1.37601,1.37603,21
2025.12.12 13:40:00,1.37603,1.37603,1.37598,1.37599,16
2025.12.12 13:41:00,1.376,1.376,1.37599,1.376,5
2025.12.12 13:42:00,1.37601,1.37601,1.37592,1.37592,23
2025.12.12 13:43:00,1.3759000000000001,1.37595,1.3759000000000001,1.37594,14
2025.12.12 13:44:00,1.37591,1.37595,1.3759000000000001,1.37594,16
2025.12.12 13:45:00,1.3759299999999999,1.37594,1.37589,1.3759000000000001,19
2025.12.12 13:46:00,1.37584,1.37584,1.37575,1.37575,27
2025.12.12 13:47:00,1.37576,1.37576,1.37572,1.37573,12
2025.12.12 13:48:00,1.37575,1.37575,1.37567,1.37569,18
2025.12.12 13:49:00,1.37569,1.37575,1.37569,1.37574,30
2025.12.12 13:50:00,1.37574,1.37575,1.37573,1.37574,16
2025.12.12 13:51:00,1.37575,1.37575,1.37561,1.37569,21
2025.12.12 13:52:00,1.37568,1.37568,1.37558,1.3756,22
2025.12.12 13:53:00,1.3756,1.37568,1.3756,1.37564,25
2025.12.12 13:54:00,1.37564,1.37568,1.37564,1.37567,18
2025.12.12 13:55:00,1.37567,1.37567,1.37565,1.3756599999999999,9
2025.12.12 13:56:00,1.3756599999999999,1.3756599999999999,1.3755899999999999,1.3756,21
2025.12.12 13:57:00,1.3755899999999999,1.37564,1.37554,1.37555,31
2025.12.12 13:58:00,1.37554,1.37558,1.37554,1.37557,35
2025.12.12 13:59:00,1.37558,1.3755899999999999,1.3755600000000001,1.3755600000000001,18
2025.12.12 14:00:00,1.37557,1.37569,1.37557,1.37567,29
2025.12.12 14:01:00,1.37565,1.37578,1.37564,1.37578,25
2025.12.12 14:02:00,1.37578,1.37578,1.37572,1.37572,17
2025.12.12 14:03:00,1.37572,1.37572,1.37546,1.37558,64
2025.12.12 14:04:00,1.37558,1.3756,1.37551,1.37553,18
2025.12.12 14:05:00,1.37554,1.37567,1.37553,1.3756,28
2025.12.12 14:06:00,1.37561,1.37561,1.37546,1.3755,25
2025.12.12 14:07:00,1.3755,1.37558,1.37549,1.37557,16
2025.12.12 14:08:00,1.37558,1.37558,1.37547,1.37549,29
2025.12.12 14:09:00,1.3755,1.37551,1.37545,1.37545,16
2025.12.12 14:10:00,1.37546,1.37549,1.37545,1.37548,11
2025.12.12 14:11:00,1.37548,1.3758,1.37548,1.3758,25
2025.12.12 14:12:00,1.3758,1.3759700000000001,1.37579,1.37594,24
2025.12.12 14:13:00,1.37594,1.3759700000000001,1.3759299999999999,1.37595,23
2025.12.12 14:14:00,1.37595,1.37618,1.37595,1.37612,16
2025.12.12 14:15:00,1.37612,1.37613,1.37606,1.37606,19
2025.12.12 14:16:00,1.37606,1.3761700000000001,1.37606,1.37608,17
2025.12.12 14:17:00,1.37607,1.37608,1.37599,1.37602,24
2025.12.12 14:18:00,1.37602,1.37611,1.37602,1.37611,18
2025.12.12 14:19:00,1.37611,1.37616,1.3761,1.3761,18
2025.12.12 14:20:00,1.3761,1.37629,1.37607,1.37629,23
2025.12.12 14:21:00,1.37629,1.37644,1.37626,1.37636,35
2025.12.12 14:22:00,1.37636,1.37644,1.37636,1.37638,31
2025.12.12 14:23:00,1.37637,1.37639,1.37634,1.37638,18
2025.12.12 14:24:00,1.37637,1.37641,1.37634,1.37637,13
2025.12.12 14:25:00,1.37638,1.37656,1.37637,1.3765100000000001,27
2025.12.12 14:26:00,1.3765100000000001,1.3765100000000001,1.37636,1.37636,16
2025.12.12 14:27:00,1.37637,1.37638,1.37636,1.37637,21
2025.12.12 14:28:00,1.37637,1.37655,1.37637,1.37653,20
2025.12.12 14:29:00,1.37653,1.37653,1.37643,1.37645,22
2025.12.12 14:30:00,1.37645,1.3765399999999999,1.3764,1.3765399999999999,18
2025.12.12 14:31:00,1.3765399999999999,1.37664,1.3765399999999999,1.37662,21
2025.12.12 14:32:00,1.37663,1.37667,1.3766,1.37666,18
2025.12.12 14:33:00,1.37666,1.37673,1.37661,1.37672,15
2025.12.12 14:34:00,1.37672,1.37683,1.37672,1.37682,10
2025.12.12 14:35:00,1.37682,1.37682,1.37673,1.37674,18
2025.12.12 14:36:00,1.37674,1.37683,1.37669,1.37683,17
2025.12.12 14:37:00,1.37683,1.3769,1.37682,1.3769,17
2025.12.12 14:38:00,1.3769,1.37691,1.37671,1.37672,18
2025.12.12 14:39:00,1.37673,1.37683,1.37673,1.37676,36
2025.12.12 14:40:00,1.37675,1.37675,1.37671,1.37671,13
2025.12.12 14:41:00,1.37672,1.37672,1.37662,1.37664,13
2025.12.12 14:42:00,1.37664,1.37665,1.37662,1.37663,22
2025.12.12 14:43:00,1.37664,1.37673,1.3766,1.37671,28
2025.12.12 14:44:00,1.3767,1.37689,1.3767,1.37687,23
2025.12.12 14:45:00,1.3768799999999999,1.37689,1.3767800000000001,1.37683,20
2025.12.12 14:46:00,1.37682,1.37683,1.37671,1.37673,19
2025.12.12 14:47:00,1.37673,1.37674,1.37669,1.37672,27
2025.12.12 14:48:00,1.37672,1.37674,1.3767,1.37673,10
2025.12.12 14:49:00,1.37672,1.37672,1.37663,1.37665,16
2025.12.12 14:50:00,1.37664,1.37666,1.37648,1.37649,36
2025.12.12 14:51:00,1.37649,1.3765,1.37644,1.37645,42
2025.12.12 14:52:00,1.37645,1.3765,1.37644,1.3765,24
2025.12.12 14:53:00,1.3765100000000001,1.37652,1.37637,1.37637,24
2025.12.12 14:54:00,1.37637,1.37646,1.37632,1.37643,22
2025.12.12 14:55:00,1.37643,1.37643,1.37625,1.37632,41
2025.12.12 14:56:00,1.37633,1.3765,1.37632,1.3765,27
2025.12.12 14:57:00,1.3765,1.37653,1.37629,1.37631,34
2025.12.12 14:58:00,1.37631,1.37635,1.37629,1.37633,38
2025.12.12 14:59:00,1.37633,1.37636,1.37619,1.3761999999999999,26
2025.12.12 15:00:00,1.3761999999999999,1.37633,1.37614,1.3761999999999999,56
2025.12.12 15:01:00,1.3761999999999999,1.37622,1.37596,1.376,58
2025.12.12 15:02:00,1.37599,1.37602,1.37589,1.37596,62
2025.12.12 15:03:00,1.3759700000000001,1.37603,1.3759700000000001,1.37601,38
2025.12.12 15:04:00,1.376,1.37603,1.37589,1.37596,41
2025.12.12 15:05:00,1.37596,1.37601,1.37594,1.37595,25
2025.12.12 15:06:00,1.37595,1.3759700000000001,1.37579,1.37581,35
2025.12.12 15:07:00,1.37581,1.37581,1.37572,1.37576,25
2025.12.12 15:08:00,1.37576,1.37577,1.37567,1.37571,21
2025.12.12 15:09:00,1.37571,1.37571,1.37565,1.37567,25
2025.12.12 15:10:00,1.3756599999999999,1.37572,1.3756599999999999,1.37567,20
2025.12.12 15:11:00,1.37567,1.37568,1.3756300000000001,1.3756599999999999,23
2025.12.12 15:12:00,1.37565,1.37572,1.37564,1.37568,27
2025.12.12 15:13:00,1.37568,1.37576,1.3756599999999999,1.37573,33
2025.12.12 15:14:00,1.37574,1.37584,1.37574,1.3758,23
2025.12.12 15:15:00,1.3758,1.37581,1.37574,1.37575,20
2025.12.12 15:16:00,1.37575,1.37575,1.37564,1.37564,14
2025.12.12 15:17:00,1.37565,1.37567,1.37565,1.37565,7
2025.12.12 15:18:00,1.3756599999999999,1.37569,1.3756,1.37567,16
2025.12.12 15:19:00,1.37567,1.37579,1.37565,1.37575,21
2025.12.12 15:20:00,1.3757,1.37571,1.37545,1.37548,46
2025.12.12 15:21:00,1.37548,1.37552,1.37542,1.37543,56
2025.12.12 15:22:00,1.37544,1.37554,1.3753600000000001,1.37553,36
2025.12.12 15:23:00,1.37553,1.37574,1.37553,1.37574,36
2025.12.12 15:24:00,1.37574,1.37602,1.37574,1.37602,29
2025.12.12 15:25:00,1.37604,1.37604,1.37584,1.37586,25
2025.12.12 15:26:00,1.37586,1.37598,1.37582,1.37598,22
2025.12.12 15:27:00,1.37598,1.37606,1.3759700000000001,1.37598,29
2025.12.12 15:28:00,1.3759700000000001,1.37604,1.3759000000000001,1.37604,35
2025.12.12 15:29:00,1.37602,1.37605,1.3759299999999999,1.37596,28
2025.12.12 15:30:00,1.3759700000000001,1.3759700000000001,1.37579,1.37581,46
2025.12.12 15:31:00,1.37581,1.37592,1.37579,1.37586,36
2025.12.12 15:32:00,1.37587,1.37595,1.37583,1.37584,34
2025.12.12 15:33:00,1.37584,1.37585,1.37578,1.37582,31
2025.12.12 15:34:00,1.37585,1.3759700000000001,1.37579,1.3759700000000001,17
2025.12.12 15:35:00,1.37596,1.37604,1.37595,1.37595,30
2025.12.12 15:36:00,1.37595,1.37604,1.37595,1.37595,20
2025.12.12 15:37:00,1.37594,1.3759700000000001,1.37592,1.37592,23
2025.12.12 15:38:00,1.37592,1.37594,1.37582,1.37583,27
2025.12.12 15:39:00,1.37584,1.37584,1.37557,1.37557,45
2025.12.12 15:40:00,1.37558,1.37565,1.37555,1.3755600000000001,24
2025.12.12 15:41:00,1.3755600000000001,1.37569,1.37547,1.37558,49
2025.12.12 15:42:00,1.37561,1.37561,1.37551,1.3756,20
2025.12.12 15:43:00,1.37561,1.37561,1.37551,1.3755600000000001,28
2025.12.12 15:44:00,1.37557,1.37558,1.37547,1.37551,39
2025.12.12 15:45:00,1.37551,1.37567,1.37547,1.3756599999999999,29
2025.12.12 15:46:00,1.3756599999999999,1.37595,1.3756599999999999,1.37594,35
2025.12.12 15:47:00,1.37594,1.37594,1.37586,1.37586,24
2025.12.12 15:48:00,1.37587,1.3759000000000001,1.37582,1.37586,31
2025.12.12 15:49:00,1.37586,1.37608,1.37586,1.37606,35
2025.12.12 15:50:00,1.37606,1.37609,1.37599,1.37608,60
2025.12.12 15:51:00,1.37608,1.37615,1.37602,1.37613,36
2025.12.12 15:52:00,1.37613,1.37613,1.37603,1.37613,38
2025.12.12 15:53:00,1.37613,1.3762400000000001,1.37613,1.37615,38
2025.12.12 15:54:00,1.37615,1.3761999999999999,1.37614,1.3761700000000001,32
2025.12.12 15:55:00,1.37616,1.37618,1.37608,1.37613,31
2025.12.12 15:56:00,1.37613,1.37618,1.37608,1.3761700000000001,32
2025.12.12 15:57:00,1.3761700000000001,1.3761999999999999,1.37602,1.37607,27
2025.12.12 15:58:00,1.37606,1.37616,1.37605,1.37609,30
2025.12.12 15:59:00,1.37609,1.37613,1.37605,1.37606,37
2025.12.12 16:00:00,1.37608,1.37609,1.37586,1.37588,50
2025.12.12 16:01:00,1.37588,1.37598,1.37587,1.3759700000000001,40
2025.12.12 16:02:00,1.3759700000000001,1.37609,1.37596,1.37601,40
2025.12.12 16:03:00,1.37601,1.37612,1.37598,1.37607,23
2025.12.12 16:04:00,1.37606,1.37608,1.37587,1.37589,35
2025.12.12 16:05:00,1.37588,1.37588,1.37576,1.37586,33
2025.12.12 16:06:00,1.37587,1.37589,1.37584,1.37587,33
2025.12.12 16:07:00,1.3759000000000001,1.376,1.3759000000000001,1.3759700000000001,18
2025.12.12 16:08:00,1.37595,1.37605,1.37595,1.37605,16
2025.12.12 16:09:00,1.37605,1.37608,1.37603,1.37607,22
2025.12.12 16:10:00,1.37607,1.37615,1.37599,1.37615,20
2025.12.12 16:11:00,1.37615,1.37615,1.37602,1.37602,23
2025.12.12 16:12:00,1.37604,1.37623,1.37604,1.37622,26
2025.12.12 16:13:00,1.37622,1.37625,1.37616,1.3761700000000001,21
2025.12.12 16:14:00,1.3761700000000001,1.37619,1.37615,1.37616,23
2025.12.12 16:15:00,1.37616,1.3761700000000001,1.376,1.37601,20
2025.12.12 16:16:00,1.37601,1.37608,1.37599,1.37608,13
2025.12.12 16:17:00,1.37608,1.37608,1.37594,1.37594,20
2025.12.12 16:18:00,1.37594,1.37596,1.37585,1.37592,17
2025.12.12 16:19:00,1.37592,1.37598,1.37588,1.37594,33
2025.12.12 16:20:00,1.37595,1.3759700000000001,1.37592,1.3759700000000001,21
2025.12.12 16:21:00,1.3759700000000001,1.37607,1.3759700000000001,1.37607,22
2025.12.12 16:22:00,1.37606,1.37615,1.37591,1.37591,29
2025.12.12 16:23:00,1.3759299999999999,1.37607,1.3759299999999999,1.37607,21
2025.12.12 16:24:00,1.37607,1.37613,1.37606,1.37612,26
2025.12.12 16:25:00,1.37611,1.37615,1.37605,1.37607,18
2025.12.12 16:26:00,1.37608,1.37612,1.37604,1.37607,18
2025.12.12 16:27:00,1.37608,1.37609,1.37594,1.37601,27
2025.12.12 16:28:00,1.37601,1.37601,1.3759299999999999,1.376,20
2025.12.12 16:29:00,1.376,1.37602,1.37578,1.37578,54
2025.12.12 16:30:00,1.37576,1.37586,1.37567,1.37569,56
2025.12.12 16:31:00,1.37571,1.37576,1.37542,1.37543,78
2025.12.12 16:32:00,1.37545,1.37545,1.37531,1.3754,80
2025.12.12 16:33:00,1.37539,1.37551,1.37538,1.37541,46
2025.12.12 16:34:00,1.37542,1.37552,1.37539,1.37551,29
2025.12.12 16:35:00,1.37552,1.37587,1.37552,1.3758,35
2025.12.12 16:36:00,1.3758,1.37591,1.37579,1.3759000000000001,29
2025.12.12 16:37:00,1.37591,1.37604,1.37589,1.37598,20
2025.12.12 16:38:00,1.37598,1.37598,1.37577,1.37584,20
2025.12.12 16:39:00,1.37584,1.3759000000000001,1.37576,1.37579,37
2025.12.12 16:40:00,1.37579,1.37589,1.37578,1.37581,46
2025.12.12 16:41:00,1.37581,1.37619,1.37581,1.37615,51
2025.12.12 16:42:00,1.3761700000000001,1.3761700000000001,1.37573,1.37588,77
2025.12.12 16:43:00,1.37588,1.37599,1.37586,1.37592,52
2025.12.12 16:44:00,1.37592,1.3759700000000001,1.37581,1.37595,51
2025.12.12 16:45:00,1.37595,1.37609,1.3759299999999999,1.37609,50
2025.12.12 16:46:00,1.37609,1.37615,1.37606,1.37614,58
2025.12.12 16:47:00,1.37615,1.37623,1.37605,1.37609,54
2025.12.12 16:48:00,1.3761,1.37621,1.37608,1.37614,46
2025.12.12 16:49:00,1.37615,1.37615,1.37595,1.37598,43
2025.12.12 16:50:00,1.37599,1.37601,1.37592,1.37599,40
2025.12.12 16:51:00,1.37598,1.37604,1.37576,1.37578,82
2025.12.12 16:52:00,1.37579,1.37579,1.37567,1.37568,63
2025.12.12 16:53:00,1.37568,1.37568,1.37549,1.37552,49
2025.12.12 16:54:00,1.37553,1.37553,1.3754,1.37551,65
2025.12.12 16:55:00,1.37552,1.37554,1.3753600000000001,1.37542,61
2025.12.12 16:56:00,1.37542,1.37548,1.37531,1.37531,67
2025.12.12 16:57:00,1.3753199999999999,1.37533,1.37527,1.37533,46
2025.12.12 16:58:00,1.3753199999999999,1.37548,1.3753199999999999,1.37539,55
2025.12.12 16:59:00,1.37538,1.37562,1.37538,1.37551,71
2025.12.12 17:00:00,1.37555,1.37587,1.37555,1.37583,60
2025.12.12 17:01:00,1.37583,1.37591,1.37579,1.37582,44
2025.12.12 17:02:00,1.37583,1.37592,1.37582,1.37587,24
2025.12.12 17:03:00,1.37588,1.37598,1.3758,1.37584,49
2025.12.12 17:04:00,1.37584,1.3762699999999999,1.37584,1.37623,47
2025.12.12 17:05:00,1.37623,1.37636,1.37615,1.37615,47
2025.12.12 17:06:00,1.37611,1.37612,1.37595,1.37606,37
2025.12.12 17:07:00,1.37606,1.3762699999999999,1.37605,1.37626,41
2025.12.12 17:08:00,1.37626,1.37634,1.37601,1.37605,45
2025.12.12 17:09:00,1.37602,1.37614,1.37596,1.37596,55
2025.12.12 17:10:00,1.37596,1.37605,1.3759299999999999,1.37601,43
2025.12.12 17:11:00,1.37601,1.37623,1.3759299999999999,1.37618,44
2025.12.12 17:12:00,1.37619,1.3763,1.37614,1.37615,43
2025.12.12 17:13:00,1.37615,1.37621,1.37615,1.3761999999999999,50
2025.12.12 17:14:00,1.3761999999999999,1.37643,1.3761700000000001,1.37639,27
2025.12.12 17:15:00,1.37639,1.3765100000000001,1.37634,1.37642,36
2025.12.12 17:16:00,1.37642,1.37674,1.37642,1.37666,49
2025.12.12 17:17:00,1.37666,1.37679,1.37664,1.37672,29
2025.12.12 17:18:00,1.37672,1.37673,1.37659,1.3767,65
2025.12.12 17:19:00,1.3767,1.3767,1.3765100000000001,1.37655,42
2025.12.12 17:20:00,1.37656,1.37673,1.37649,1.37672,55
2025.12.12 17:21:00,1.37671,1.37696,1.3767,1.37694,32
2025.12.12 17:22:00,1.37694,1.37694,1.3767,1.3767800000000001,52
2025.12.12 17:23:00,1.3767800000000001,1.37679,1.37671,1.37675,48
2025.12.12 17:24:00,1.37674,1.37732,1.37674,1.3773,73
2025.12.12 17:25:00,1.37729,1.37741,1.37726,1.37736,65
2025.12.12 17:26:00,1.37736,1.3775,1.3773,1.3775,37
2025.12.12 17:27:00,1.3775,1.3776,1.37731,1.37759,72
2025.12.12 17:28:00,1.37761,1.37781,1.37758,1.37774,50
2025.12.12 17:29:00,1.37774,1.37775,1.37744,1.3774600000000001,59
2025.12.12 17:30:00,1.37745,1.37756,1.37734,1.37744,89
2025.12.12 17:31:00,1.37743,1.37747,1.37724,1.37726,80
2025.12.12 17:32:00,1.37731,1.37743,1.37718,1.37736,86
2025.12.12 17:33:00,1.37737,1.37758,1.37736,1.37754,83
2025.12.12 17:34:00,1.37754,1.37755,1.37743,1.37744,67
2025.12.12 17:35:00,1.37745,1.37752,1.37735,1.3774899999999999,57
2025.12.12 17:36:00,1.3775,1.37757,1.37724,1.37726,54
2025.12.12 17:37:00,1.37726,1.37737,1.3771499999999999,1.37736,54
2025.12.12 17:38:00,1.37735,1.37741,1.37725,1.37727,56
2025.12.12 17:39:00,1.37728,1.37728,1.37697,1.37704,62
2025.12.12 17:40:00,1.37704,1.37735,1.37704,1.37725,52
2025.12.12 17:41:00,1.37725,1.37735,1.37707,1.37708,71
2025.12.12 17:42:00,1.37707,1.37726,1.37707,1.37718,63
2025.12.12 17:43:00,1.37718,1.37726,1.37714,1.37716,77
2025.12.12 17:44:00,1.37714,1.3773,1.37706,1.37728,50
2025.12.12 17:45:00,1.37728,1.3774899999999999,1.37725,1.3774899999999999,40
2025.12.12 17:46:00,1.3774899999999999,1.37765,1.3773900000000001,1.37764,39
2025.12.12 17:47:00,1.37764,1.37774,1.37744,1.37744,56
2025.12.12 17:48:00,1.37744,1.37748,1.3773,1.3774199999999999,93
2025.12.12 17:49:00,1.3774,1.37758,1.37738,1.37758,63
2025.12.12 17:50:00,1.37758,1.37788,1.37757,1.37788,57
2025.12.12 17:51:00,1.37788,1.3780000000000001,1.37787,1.37797,21
2025.12.12 17:52:00,1.37797,1.37824,1.37797,1.37797,66
2025.12.12 17:53:00,1.37799,1.37831,1.37799,1.37828,90
2025.12.12 17:54:00,1.37827,1.37832,1.37821,1.37823,62
2025.12.12 17:55:00,1.37822,1.37825,1.37799,1.37799,68
2025.12.12 17:56:00,1.37799,1.3780000000000001,1.37786,1.37792,64
2025.12.12 17:57:00,1.37794,1.37796,1.37788,1.37796,48
2025.12.12 17:58:00,1.37797,1.37822,1.37796,1.37813,71
2025.12.12 17:59:00,1.37813,1.37816,1.37804,1.3780700000000001,61
2025.12.12 18:00:00,1.37808,1.37813,1.37792,1.37797,99
2025.12.12 18:01:00,1.37797,1.37808,1.37795,1.37804,57
2025.12.12 18:02:00,1.3780299999999999,1.37825,1.37799,1.37822,81
2025.12.12 18:03:00,1.37821,1.37827,1.37808,1.37821,79
2025.12.12 18:04:00,1.37821,1.37831,1.37812,1.37818,84
2025.12.12 18:05:00,1.3782,1.3784,1.37802,1.37839,75
2025.12.12 18:06:00,1.37836,1.3784,1.37813,1.37819,58
2025.12.12 18:07:00,1.37819,1.37869,1.37815,1.37869,56
2025.12.12 18:08:00,1.37869,1.37885,1.37863,1.3788,70
2025.12.12 18:09:00,1.37883,1.37896,1.37878,1.37879,48
2025.12.12 18:10:00,1.37876,1.3789799999999999,1.3787,1.37896,51
2025.12.12 18:11:00,1.37897,1.37897,1.37881,1.3789,53
2025.12.12 18:12:00,1.3789,1.379,1.3787099999999999,1.3788,53
2025.12.12 18:13:00,1.37878,1.37889,1.37872,1.37875,72
2025.12.12 18:14:00,1.37876,1.3789500000000001,1.37872,1.37882,82
2025.12.12 18:15:00,1.37886,1.37892,1.3788,1.37885,90
2025.12.12 18:16:00,1.37884,1.3789,1.37882,1.3789,47
2025.12.12 18:17:00,1.37889,1.37889,1.37865,1.37881,71
2025.12.12 18:18:00,1.37883,1.37904,1.37881,1.3790200000000001,50
2025.12.12 18:19:00,1.37901,1.37913,1.37899,1.37901,57
2025.12.12 18:20:00,1.379,1.37911,1.37892,1.37903,55
2025.12.12 18:21:00,1.37903,1.37923,1.37894,1.3792,61
2025.12.12 18:22:00,1.37918,1.37919,1.37883,1.37883,95
2025.12.12 18:23:00,1.37883,1.37883,1.37854,1.37874,71
2025.12.12 18:24:00,1.37876,1.37885,1.3787099999999999,1.37874,56
2025.12.12 18:25:00,1.37873,1.37873,1.37845,1.3785,63
2025.12.12 18:26:00,1.3785,1.37853,1.37838,1.37839,52
2025.12.12 18:27:00,1.37845,1.37851,1.37838,1.37845,50
2025.12.12 18:28:00,1.37842,1.37845,1.3783699999999999,1.3784100000000001,53
2025.12.12 18:29:00,1.3784,1.37842,1.37829,1.37831,28
2025.12.12 18:30:00,1.37831,1.3785,1.37831,1.37839,65
2025.12.12 18:31:00,1.37839,1.37848,1.37833,1.37846,38
2025.12.12 18:32:00,1.37845,1.37849,1.3784,1.37847,31
2025.12.12 18:33:00,1.37848,1.37855,1.37847,1.37853,25
2025.12.12 18:34:00,1.37857,1.3788,1.37855,1.37866,47
2025.12.12 18:35:00,1.37866,1.37878,1.37854,1.37876,57
2025.12.12 18:36:00,1.37876,1.37885,1.3786800000000001,1.37876,57
2025.12.12 18:37:00,1.37876,1.37888,1.3786800000000001,1.37886,37
2025.12.12 18:38:00,1.37887,1.37916,1.37886,1.37914,32
2025.12.12 18:39:00,1.37914,1.3792499999999999,1.37907,1.37915,58
2025.12.12 18:40:00,1.37914,1.37926,1.37914,1.37917,50
2025.12.12 18:41:00,1.37916,1.37917,1.379,1.3790499999999999,42
2025.12.12 18:42:00,1.3790499999999999,1.3792900000000001,1.37893,1.37927,53
2025.12.12 18:43:00,1.3793199999999999,1.3794,1.37909,1.3791,62
2025.12.12 18:44:00,1.37909,1.37909,1.37887,1.37893,80
2025.12.12 18:45:00,1.37893,1.37912,1.37881,1.37885,73
2025.12.12 18:46:00,1.37885,1.3790499999999999,1.37885,1.3790200000000001,59
2025.12.12 18:47:00,1.37904,1.37908,1.37876,1.37877,53
2025.12.12 18:48:00,1.37876,1.3789,1.37869,1.3789,40
2025.12.12 18:49:00,1.3789,1.37891,1.37879,1.37889,39
2025.12.12 18:50:00,1.37888,1.37901,1.37888,1.37901,34
2025.12.12 18:51:00,1.37901,1.37908,1.37892,1.37892,27
2025.12.12 18:52:00,1.37893,1.3789799999999999,1.37885,1.37892,50
2025.12.12 18:53:00,1.37891,1.37894,1.37863,1.37877,87
2025.12.12 18:54:00,1.37878,1.3788,1.3786800000000001,1.37874,64
2025.12.12 18:55:00,1.37874,1.37891,1.37869,1.37882,70
2025.12.12 18:56:00,1.37883,1.37889,1.37849,1.37854,52
2025.12.12 18:57:00,1.37854,1.37863,1.3783699999999999,1.37849,85
2025.12.12 18:58:00,1.37849,1.37855,1.37847,1.37847,62
2025.12.12 18:59:00,1.37846,1.37847,1.37838,1.37839,52
2025.12.12 19:00:00,1.37839,1.37843,1.37814,1.37815,68
2025.12.12 19:01:00,1.37816,1.37818,1.37796,1.37799,67
2025.12.12 19:02:00,1.37799,1.37831,1.37796,1.37829,74
2025.12.12 19:03:00,1.3783,1.3783,1.37813,1.37816,62
2025.12.12 19:04:00,1.37817,1.37817,1.37813,1.37815,40
2025.12.12 19:05:00,1.37815,1.37815,1.37794,1.37799,65
2025.12.12 19:06:00,1.37798,1.37801,1.37784,1.37786,79
2025.12.12 19:07:00,1.37785,1.3779,1.3777,1.37775,81
2025.12.12 19:08:00,1.3777599999999999,1.37779,1.37765,1.37768,72
2025.12.12 19:09:00,1.37772,1.37781,1.3777,1.37775,47
2025.12.12 19:10:00,1.3777599999999999,1.37777,1.3777,1.37772,31
2025.12.12 19:11:00,1.37771,1.37772,1.37765,1.37767,28
2025.12.12 19:12:00,1.37767,1.37771,1.37763,1.37763,30
2025.12.12 19:13:00,1.37763,1.37764,1.37755,1.37759,45
2025.12.12 19:14:00,1.37763,1.37765,1.37759,1.3776,38
2025.12.12 19:15:00,1.37761,1.37767,1.37745,1.3774600000000001,30
2025.12.12 19:16:00,1.3774600000000001,1.37747,1.37724,1.37724,50
2025.12.12 19:17:00,1.37723,1.37726,1.37706,1.37706,53
2025.12.12 19:18:00,1.37706,1.37713,1.37695,1.37705,55
2025.12.12 19:19:00,1.37706,1.3771499999999999,1.37704,1.37711,54
2025.12.12 19:20:00,1.3771,1.37724,1.37708,1.3771499999999999,56
2025.12.12 19:21:00,1.37717,1.37725,1.37713,1.37718,71
2025.12.12 19:22:00,1.3771900000000001,1.37724,1.3771200000000001,1.3771499999999999,38
2025.12.12 19:23:00,1.3771499999999999,1.3771900000000001,1.37714,1.37718,45
2025.12.12 19:24:00,1.37718,1.37728,1.37709,1.37709,64
2025.12.12 19:25:00,1.37709,1.3771900000000001,1.37704,1.37705,48
2025.12.12 19:26:00,1.37704,1.37704,1.37694,1.37696,42
2025.12.12 19:27:00,1.37697,1.37701,1.3768500000000001,1.37697,64
2025.12.12 19:28:00,1.37698,1.37708,1.37695,1.37706,25
2025.12.12 19:29:00,1.37706,1.37708,1.37701,1.37701,34
2025.12.12 19:30:00,1.37698,1.37709,1.37694,1.37706,48
2025.12.12 19:31:00,1.37706,1.37706,1.37694,1.37694,62
2025.12.12 19:32:00,1.37694,1.37699,1.3768500000000001,1.37695,40
2025.12.12 19:33:00,1.37695,1.37696,1.37669,1.37669,61
2025.12.12 19:34:00,1.3767,1.37689,1.37668,1.37689,34
2025.12.12 19:35:00,1.3769,1.37696,1.37686,1.37686,24
2025.12.12 19:36:00,1.37686,1.37687,1.37674,1.37675,26
2025.12.12 19:37:00,1.37676,1.3768099999999999,1.37674,1.37679,27
2025.12.12 19:38:00,1.3768,1.3768099999999999,1.37664,1.37664,66
2025.12.12 19:39:00,1.37664,1.3767,1.37663,1.37669,33
2025.12.12 19:40:00,1.3767,1.37673,1.37663,1.37669,35
2025.12.12 19:41:00,1.3767,1.37687,1.3767,1.37683,32
2025.12.12 19:42:00,1.3768,1.37682,1.37671,1.37673,28
2025.12.12 19:43:00,1.37675,1.3768099999999999,1.3767,1.3768,43
2025.12.12 19:44:00,1.37679,1.3768099999999999,1.37668,1.37672,27
2025.12.12 19:45:00,1.37671,1.37674,1.37669,1.37673,23
2025.12.12 19:46:00,1.37674,1.37674,1.37652,1.37653,40
2025.12.12 19:47:00,1.37652,1.37657,1.3765100000000001,1.37652,42
2025.12.12 19:48:00,1.37652,1.37653,1.37642,1.37647,34
2025.12.12 19:49:00,1.37647,1.37653,1.37646,1.37646,29
2025.12.12 19:50:00,1.37644,1.37653,1.37642,1.37647,55
2025.12.12 19:51:00,1.37647,1.37655,1.37644,1.3765399999999999,37
2025.12.12 19:52:00,1.37653,1.37663,1.37653,1.37663,28
2025.12.12 19:53:00,1.37662,1.37662,1.37655,1.37662,36
2025.12.12 19:54:00,1.3766,1.37664,1.37652,1.37662,40
2025.12.12 19:55:00,1.37659,1.37659,1.37646,1.37649,38
2025.12.12 19:56:00,1.37648,1.37659,1.37648,1.3765,30
2025.12.12 19:57:00,1.3765100000000001,1.37663,1.3765100000000001,1.37656,36
2025.12.12 19:58:00,1.37657,1.3766,1.37648,1.37659,33
2025.12.12 19:59:00,1.3766,1.37662,1.3765399999999999,1.37659,33
2025.12.12 20:00:00,1.37657,1.37661,1.3765399999999999,1.37656,37
2025.12.12 20:01:00,1.37656,1.37661,1.3765399999999999,1.37656,40
2025.12.12 20:02:00,1.37655,1.37656,1.3764,1.37642,22
2025.12.12 20:03:00,1.37642,1.37645,1.37636,1.37636,22
2025.12.12 20:04:00,1.37637,1.37644,1.37635,1.37643,22
2025.12.12 20:05:00,1.37643,1.37643,1.37631,1.37636,34
2025.12.12 20:06:00,1.37636,1.37637,1.37635,1.37636,22
2025.12.12 20:07:00,1.37636,1.37646,1.37636,1.37646,27
2025.12.12 20:08:00,1.37647,1.37656,1.37646,1.37652,24
2025.12.12 20:09:00,1.37652,1.37656,1.37648,1.37653,16
2025.12.12 20:10:00,1.3765399999999999,1.3765399999999999,1.37648,1.3765,21
2025.12.12 20:11:00,1.3765,1.37652,1.37649,1.3765100000000001,19
2025.12.12 20:12:00,1.37652,1.37652,1.37605,1.37609,80
2025.12.12 20:13:00,1.37609,1.37634,1.37609,1.37622,44
2025.12.12 20:14:00,1.37621,1.37626,1.3761700000000001,1.37619,34
2025.12.12 20:15:00,1.37618,1.37618,1.37604,1.37608,39
2025.12.12 20:16:00,1.37607,1.37607,1.37599,1.37607,32
2025.12.12 20:17:00,1.37606,1.37606,1.37594,1.37599,47
2025.12.12 20:18:00,1.37601,1.37608,1.376,1.37603,35
2025.12.12 20:19:00,1.37603,1.37608,1.376,1.37605,17
2025.12.12 20:20:00,1.37606,1.3761999999999999,1.37604,1.37607,40
2025.12.12 20:21:00,1.37608,1.37626,1.376,1.37626,42
2025.12.12 20:22:00,1.37626,1.37626,1.37623,1.37625,37
2025.12.12 20:23:00,1.37626,1.37629,1.37618,1.37621,53
2025.12.12 20:24:00,1.37621,1.37628,1.37618,1.3761999999999999,34
2025.12.12 20:25:00,1.3761999999999999,1.37625,1.37613,1.37615,39
2025.12.12 20:26:00,1.37615,1.3761700000000001,1.37613,1.3761700000000001,23
2025.12.12 20:27:00,1.37618,1.37623,1.37614,1.37615,31
2025.12.12 20:28:00,1.37614,1.37621,1.37613,1.37621,26
2025.12.12 20:29:00,1.37621,1.37626,1.37621,1.37621,13
2025.12.12 20:30:00,1.3761700000000001,1.3762699999999999,1.37609,1.37626,41
2025.12.12 20:31:00,1.37626,1.37633,1.37626,1.37631,20
2025.12.12 20:32:00,1.37632,1.37637,1.37622,1.37637,29
2025.12.12 20:33:00,1.37637,1.37637,1.37633,1.37634,8
2025.12.12 20:34:00,1.37634,1.37637,1.37632,1.37635,27
2025.12.12 20:35:00,1.37635,1.37637,1.37623,1.3762699999999999,30
2025.12.12 20:36:00,1.37626,1.37635,1.3761999999999999,1.37635,21
2025.12.12 20:37:00,1.37635,1.37643,1.3763,1.3763,41
2025.12.12 20:38:00,1.37629,1.37636,1.3762699999999999,1.37632,32
2025.12.12 20:39:00,1.37632,1.37635,1.37626,1.3763,46
2025.12.12 20:40:00,1.3763,1.3764,1.37625,1.3764,31
2025.12.12 20:41:00,1.37639,1.37639,1.37633,1.37635,15
2025.12.12 20:42:00,1.37635,1.37637,1.37632,1.37636,12
2025.12.12 20:43:00,1.37637,1.37645,1.37635,1.37644,24
2025.12.12 20:44:00,1.37645,1.37646,1.37641,1.37646,30
2025.12.12 20:45:00,1.37646,1.37647,1.37642,1.37642,25
2025.12.12 20:46:00,1.37643,1.37656,1.37643,1.37656,19
2025.12.12 20:47:00,1.37656,1.37657,1.37646,1.37652,29
2025.12.12 20:48:00,1.3765399999999999,1.37656,1.37642,1.37643,18
2025.12.12 20:49:00,1.37643,1.37646,1.37641,1.37641,15
2025.12.12 20:50:00,1.37641,1.3765,1.3764,1.3765,23
2025.12.12 20:51:00,1.3765,1.3765399999999999,1.37647,1.3765399999999999,30
2025.12.12 20:52:00,1.3765399999999999,1.3765399999999999,1.37648,1.37653,23
2025.12.12 20:53:00,1.37653,1.3765399999999999,1.37638,1.37643,22
2025.12.12 20:54:00,1.37642,1.37645,1.37641,1.37642,9
2025.12.12 20:55:00,1.37641,1.37645,1.37634,1.3764,39
2025.12.12 20:56:00,1.37641,1.37644,1.37635,1.37644,39
2025.12.12 20:57:00,1.37644,1.3767800000000001,1.37644,1.37676,44
2025.12.12 20:58:00,1.37674,1.3768500000000001,1.37674,1.3768,34
2025.12.12 20:59:00,1.37682,1.3769,1.37682,1.37682,23
2025.12.12 21:00:00,1.37682,1.37702,1.37682,1.377,32
2025.12.12 21:01:00,1.377,1.37723,1.377,1.3772199999999999,24
2025.12.12 21:02:00,1.37721,1.37733,1.37717,1.37718,50
2025.12.12 21:03:00,1.37717,1.3772199999999999,1.37709,1.3771900000000001,49
2025.12.12 21:04:00,1.37721,1.37727,1.37714,1.3771900000000001,27
2025.12.12 21:05:00,1.3772,1.37723,1.37706,1.3772,26
2025.12.12 21:06:00,1.3772,1.37731,1.3772,1.3773,11
2025.12.12 21:07:00,1.3773,1.37735,1.37724,1.37728,14
2025.12.12 21:08:00,1.37729,1.37729,1.37717,1.37718,24
2025.12.12 21:09:00,1.37718,1.37726,1.37714,1.37726,31
2025.12.12 21:10:00,1.37726,1.37729,1.37725,1.37729,21
2025.12.12 21:11:00,1.37728,1.37733,1.37726,1.37729,25
2025.12.12 21:12:00,1.37729,1.37729,1.37727,1.37728,14
2025.12.12 21:13:00,1.37728,1.37738,1.37728,1.37737,35
2025.12.12 21:14:00,1.37737,1.37738,1.37734,1.37737,9
2025.12.12 21:15:00,1.37738,1.37738,1.3771499999999999,1.37716,22
2025.12.12 21:16:00,1.37717,1.37725,1.37714,1.37721,38
2025.12.12 21:17:00,1.37721,1.37725,1.3771900000000001,1.3771900000000001,18
2025.12.12 21:18:00,1.3772,1.37723,1.37709,1.37717,26
2025.12.12 21:19:00,1.37717,1.3771900000000001,1.37716,1.37718,19
2025.12.12 21:20:00,1.37717,1.3771900000000001,1.37707,1.37709,30
2025.12.12 21:21:00,1.37709,1.3772199999999999,1.37709,1.37718,25
2025.12.12 21:22:00,1.3771900000000001,1.3772,1.37717,1.37718,16
2025.12.12 21:23:00,1.3771900000000001,1.3772199999999999,1.37716,1.37718,17
2025.12.12 21:24:00,1.37724,1.37725,1.37714,1.37716,27
2025.12.12 21:25:00,1.37714,1.37717,1.37706,1.37709,26
2025.12.12 21:26:00,1.37711,1.3771200000000001,1.37708,1.3771,25
2025.12.12 21:27:00,1.3771,1.37711,1.37705,1.37708,20
2025.12.12 21:28:00,1.3771499999999999,1.37717,1.37714,1.3771499999999999,9
2025.12.12 21:29:00,1.3771499999999999,1.37717,1.37706,1.37707,33
2025.12.12 21:30:00,1.37707,1.37707,1.37694,1.37696,30
2025.12.12 21:31:00,1.37696,1.37698,1.37694,1.37695,32
2025.12.12 21:32:00,1.37695,1.377,1.37689,1.37696,17
2025.12.12 21:33:00,1.37697,1.37697,1.37694,1.37697,10
2025.12.12 21:34:00,1.37697,1.37697,1.3768500000000001,1.37696,34
2025.12.12 21:35:00,1.37695,1.37697,1.37692,1.37697,18
2025.12.12 21:36:00,1.37696,1.37699,1.37695,1.37697,23
2025.12.12 21:37:00,1.37698,1.37708,1.37697,1.37705,23
2025.12.12 21:38:00,1.37705,1.37707,1.37702,1.37705,27
2025.12.12 21:39:00,1.37705,1.3771,1.37704,1.37708,28
2025.12.12 21:40:00,1.37707,1.37707,1.37695,1.37695,35
2025.12.12 21:41:00,1.37694,1.37694,1.37673,1.37684,32
2025.12.12 21:42:00,1.37682,1.37689,1.37676,1.37689,37
2025.12.12 21:43:00,1.37689,1.37699,1.37689,1.37697,12
2025.12.12 21:44:00,1.37697,1.37707,1.37697,1.37703,18
2025.12.12 21:45:00,1.37703,1.37708,1.37695,1.37708,24
2025.12.12 21:46:00,1.37708,1.37727,1.37708,1.37726,18
2025.12.12 21:47:00,1.37726,1.37729,1.37725,1.37726,14
2025.12.12 21:48:00,1.37728,1.37728,1.37725,1.37728,8
2025.12.12 21:49:00,1.37728,1.3773,1.37726,1.37727,8
2025.12.12 21:50:00,1.37727,1.37728,1.37721,1.3772199999999999,11
2025.12.12 21:51:00,1.37721,1.3772199999999999,1.3771900000000001,1.3772,10
2025.12.12 21:52:00,1.37721,1.3772199999999999,1.3771900000000001,1.3771900000000001,18
2025.12.12 21:53:00,1.3771900000000001,1.3772,1.37692,1.37692,25
2025.12.12 21:54:00,1.37693,1.37703,1.37692,1.37695,22
2025.12.12 21:55:00,1.37694,1.37694,1.37683,1.37684,32
2025.12.12 21:56:00,1.37683,1.37683,1.37672,1.37672,40
2025.12.12 21:57:00,1.37672,1.3767800000000001,1.37666,1.37667,34
2025.12.12 21:58:00,1.37667,1.37671,1.37664,1.37667,26
2025.12.12 21:59:00,1.37667,1.37673,1.37646,1.37656,72
2025.12.12 22:00:00,1.37657,1.37662,1.37653,1.37657,51
2025.12.12 22:01:00,1.3765800000000001,1.37662,1.37656,1.3765800000000001,34
2025.12.12 22:02:00,1.3765800000000001,1.37661,1.37657,1.3766,27
2025.12.12 22:03:00,1.37659,1.3766,1.37652,1.37652,21
2025.12.12 22:04:00,1.37652,1.37653,1.37632,1.37632,22
2025.12.12 22:05:00,1.37633,1.37637,1.37625,1.37626,36
2025.12.12 22:06:00,1.3762699999999999,1.3762699999999999,1.3762400000000001,1.37626,15
2025.12.12 22:07:00,1.3762699999999999,1.37634,1.37626,1.37633,24
2025.12.12 22:08:00,1.37633,1.37636,1.3762699999999999,1.37636,15
2025.12.12 22:09:00,1.37636,1.37636,1.37621,1.3762400000000001,20
2025.12.12 22:10:00,1.3762400000000001,1.37625,1.3761700000000001,1.37622,19
2025.12.12 22:11:00,1.37622,1.37628,1.37622,1.37628,5
2025.12.12 22:12:00,1.37628,1.37628,1.37625,1.3762699999999999,7
2025.12.12 22:13:00,1.3762699999999999,1.37632,1.37625,1.37632,25
2025.12.12 22:14:00,1.37635,1.37635,1.37626,1.37635,11
2025.12.12 22:15:00,1.37635,1.37637,1.37629,1.37635,12
2025.12.12 22:16:00,1.37634,1.37637,1.37629,1.37636,26
2025.12.12 22:17:00,1.37636,1.37638,1.37636,1.37637,10
2025.12.12 22:18:00,1.37637,1.37637,1.37634,1.37635,11
2025.12.12 22:19:00,1.37636,1.37638,1.37629,1.37638,5
2025.12.12 22:20:00,1.37638,1.3765800000000001,1.37638,1.37657,18
2025.12.12 22:21:00,1.37653,1.37656,1.37649,1.37652,15
2025.12.12 22:22:00,1.37653,1.37657,1.37653,1.37657,7
2025.12.12 22:23:00,1.37657,1.37657,1.37657,1.37657,1
2025.12.12 22:24:00,1.37657,1.37657,1.37656,1.37656,2
2025.12.12 22:25:00,1.37656,1.3765800000000001,1.37649,1.37653,26
2025.12.12 22:26:00,1.37653,1.37674,1.3765100000000001,1.37673,20
2025.12.12 22:27:00,1.37673,1.37674,1.37664,1.37664,16
2025.12.12 22:28:00,1.37664,1.37668,1.37664,1.37664,10
2025.12.12 22:29:00,1.37664,1.37672,1.37664,1.37667,10
2025.12.12 22:30:00,1.37667,1.3768,1.37667,1.3768,22
2025.12.12 22:31:00,1.3768,1.3768799999999999,1.37679,1.37684,24
2025.12.12 22:32:00,1.3768500000000001,1.3768799999999999,1.37674,1.37674,26
2025.12.12 22:33:00,1.37673,1.37673,1.37664,1.37665,14
2025.12.12 22:34:00,1.37666,1.37666,1.37657,1.3765800000000001,13
2025.12.12 22:35:00,1.3765800000000001,1.37671,1.37653,1.37666,29
2025.12.12 22:36:00,1.37667,1.37667,1.37665,1.37665,16
2025.12.12 22:37:00,1.37664,1.37671,1.37663,1.3767,18
2025.12.12 22:38:00,1.3767,1.37677,1.3767,1.37676,22
2025.12.12 22:39:00,1.37676,1.37677,1.37675,1.37675,6
2025.12.12 22:40:00,1.37676,1.37677,1.37673,1.37676,13
2025.12.12 22:41:00,1.37676,1.37689,1.37676,1.3768500000000001,26
2025.12.12 22:42:00,1.37687,1.37687,1.37683,1.37686,14
2025.12.12 22:43:00,1.3768500000000001,1.37686,1.37673,1.37673,8
2025.12.12 22:44:00,1.37673,1.37675,1.37665,1.37674,30
2025.12.12 22:45:00,1.37673,1.3771499999999999,1.37666,1.37671,101
2025.12.12 22:46:00,1.37671,1.37675,1.37661,1.37664,38
2025.12.12 22:47:00,1.37662,1.37665,1.3765399999999999,1.3766,29
2025.12.12 22:48:00,1.3766,1.37665,1.37656,1.3766,35
2025.12.12 22:49:00,1.3766,1.37673,1.3766,1.37672,40
2025.12.12 22:50:00,1.3767,1.3768500000000001,1.3767,1.3768500000000001,30
2025.12.12 22:51:00,1.3768500000000001,1.37711,1.3768500000000001,1.37698,23
2025.12.12 22:52:00,1.37698,1.37698,1.37686,1.37691,38
2025.12.12 22:53:00,1.37691,1.37694,1.3768099999999999,1.3768099999999999,22
2025.12.12 22:54:00,1.37684,1.3768500000000001,1.3768,1.37684,49
2025.12.12 22:55:00,1.37682,1.3768799999999999,1.37675,1.37676,39
2025.12.12 22:56:00,1.37675,1.3768,1.3767,1.37674,25
2025.12.12 22:57:00,1.37675,1.3767800000000001,1.37664,1.37677,36
2025.12.12 22:58:00,1.37676,1.37677,1.37661,1.37661,43
2025.12.12 22:59:00,1.37659,1.37662,1.37649,1.37655,53
2025.12.12 23:00:00,1.37655,1.37657,1.3765,1.37657,20
2025.12.12 23:01:00,1.37659,1.3766,1.3765800000000001,1.3766,8
2025.12.12 23:02:00,1.37659,1.37659,1.37656,1.37657,10
2025.12.12 23:03:00,1.37657,1.37662,1.37652,1.37662,22
2025.12.12 23:04:00,1.37664,1.37675,1.37663,1.37667,20
2025.12.12 23:05:00,1.37666,1.37667,1.37648,1.37653,26
2025.12.12 23:06:00,1.37652,1.3765800000000001,1.37652,1.37657,14
2025.12.12 23:07:00,1.3765800000000001,1.3765800000000001,1.3765800000000001,1.3765800000000001,1
2025.12.12 23:08:00,1.3765800000000001,1.37665,1.3765800000000001,1.37665,8
2025.12.12 23:09:00,1.37665,1.37673,1.37665,1.37665,11
2025.12.12 23:10:00,1.37665,1.37665,1.37645,1.37648,13
2025.12.12 23:11:00,1.37648,1.37648,1.37637,1.37638,5
2025.12.12 23:12:00,1.37637,1.37638,1.37632,1.37634,7
2025.12.12 23:13:00,1.37634,1.37635,1.37629,1.3763,9
2025.12.12 23:14:00,1.37628,1.37629,1.37626,1.37628,6
2025.12.12 23:15:00,1.37631,1.37645,1.37629,1.37645,12
2025.12.12 23:16:00,1.37644,1.37649,1.37644,1.37645,5
2025.12.12 23:17:00,1.37644,1.37647,1.37644,1.37647,3
2025.12.12 23:18:00,1.37647,1.37647,1.37642,1.37647,8
2025.12.12 23:19:00,1.37647,1.37647,1.37646,1.37647,3
2025.12.12 23:20:00,1.37645,1.37645,1.37643,1.37644,6
2025.12.12 23:21:00,1.37643,1.37645,1.37642,1.37643,9
2025.12.12 23:22:00,1.37643,1.37648,1.37643,1.37648,7
2025.12.12 23:23:00,1.37648,1.3765,1.37644,1.3765,9
2025.12.12 23:24:00,1.3765100000000001,1.37655,1.3765,1.37653,13
2025.12.12 23:25:00,1.37652,1.3766,1.3765100000000001,1.3766,8
2025.12.12 23:26:00,1.37659,1.37663,1.37655,1.37662,8
2025.12.12 23:27:00,1.37662,1.37669,1.37662,1.37669,5
2025.12.12 23:28:00,1.3767,1.3767,1.37666,1.37668,7
2025.12.12 23:29:00,1.37668,1.37676,1.37663,1.37675,23
2025.12.12 23:30:00,1.37675,1.3768,1.37675,1.37679,4
2025.12.12 23:31:00,1.3768,1.37683,1.37679,1.37679,5
2025.12.12 23:32:00,1.37679,1.3768099999999999,1.37666,1.37666,18
2025.12.12 23:33:00,1.37666,1.37666,1.37666,1.37666,1
2025.12.12 23:34:00,1.37666,1.37666,1.37666,1.37666,1
2025.12.12 23:35:00,1.37666,1.37676,1.37662,1.37676,10
2025.12.12 23:36:00,1.37676,1.37676,1.37653,1.3766,19
2025.12.12 23:37:00,1.3766,1.37667,1.37659,1.37664,11
2025.12.12 23:38:00,1.37664,1.37666,1.37655,1.37662,20
2025.12.12 23:39:00,1.37662,1.37669,1.37653,1.37655,23
2025.12.12 23:40:00,1.3765399999999999,1.37656,1.37653,1.37655,17
2025.12.12 23:41:00,1.37655,1.37655,1.37645,1.37645,13
2025.12.12 23:42:00,1.37647,1.37647,1.37646,1.37647,7
2025.12.12 23:43:00,1.37647,1.37684,1.37647,1.37669,27
2025.12.12 23:44:00,1.37669,1.37683,1.37668,1.37682,23
2025.12.12 23:45:00,1.3768,1.37686,1.37673,1.3767800000000001,90
2025.12.12 23:46:00,1.3767800000000001,1.3767800000000001,1.37664,1.37669,30
2025.12.12 23:47:00,1.37669,1.37674,1.37666,1.37669,20
2025.12.12 23:48:00,1.37669,1.37673,1.3765399999999999,1.37656,122
2025.12.12 23:49:00,1.3765399999999999,1.37662,1.37653,1.37661,44
2025.12.12 23:50:00,1.3766,1.37671,1.3766,1.37661,35
2025.12.12 23:51:00,1.37661,1.37674,1.37661,1.37673,42
2025.12.12 23:52:00,1.37674,1.3768099999999999,1.37667,1.37679,32
2025.12.12 23:53:00,1.3767800000000001,1.3767800000000001,1.37671,1.37677,6
2025.12.12 23:54:00,1.37677,1.37691,1.37675,1.3769,25
2025.12.12 23:55:00,1.37692,1.37705,1.37692,1.37703,35
2025.12.12 23:56:00,1.37699,1.37704,1.3769,1.37697,70
2025.12.12 23:57:00,1.37697,1.37704,1.37697,1.37702,130
2025.12.12 23:58:00,1.37702,1.37704,1.37697,1.37702,29
